Letter,Name,Price,Image URL
a,Ascard (75mg) 30 Tablets,Rs. 26.64,https://d3313lwq5y3sh2.cloudfront.net/assets/photos/001/042/777/pharmacy_online_small/ASCARD_75MG_TAB__1.webp?1670306738
a,Arinac Forte (400/60mg) 100 Tablets,Rs. 114.93,https://d3313lwq5y3sh2.cloudfront.net/assets/photos/001/303/607/pharmacy_online_small/f.webp?1685971313
a,Avil (25mg) 250 Tablets,Rs. 14.29,https://d3313lwq5y3sh2.cloudfront.net/assets/photos/001/037/814/pharmacy_online_small/avil-25mg-tab-1005327__1.webp?1670232241
a,ALCOHOL SWAB,Rs. 5.4,https://d3313lwq5y3sh2.cloudfront.net/assets/photos/002/031/221/pharmacy_online_small/1476255.webp?1720009152
a,Amoxil (500mg) 100 Capsules,Rs. 331.92,https://d3313lwq5y3sh2.cloudfront.net/assets/photos/001/042/948/pharmacy_online_small/Amoxil_500mg_Cap_100_S__1.webp?1670307511
a,Ansaid (100mg) 30 Tablets,Rs. 114.66,https://d3313lwq5y3sh2.cloudfront.net/assets/photos/001/037/686/pharmacy_online_small/ansaid-100mg-tab-30-s__2.webp?1670231691
a,Amodip (5mg) 30 Tablets,Rs. 106.83,https://d3313lwq5y3sh2.cloudfront.net/assets/photos/001/236/393/pharmacy_online_small/Amodip_%285mg%29_30_Tablets_156_copy.webp?1682690428
a,Azomax (250mg) 12 Capsules,Rs. 358.07,https://d3313lwq5y3sh2.cloudfront.net/assets/photos/001/042/880/pharmacy_online_small/AZOMAX_250MG_CAP__1.webp?1670307208
a,Augmentin (625mg) 6 Tablets,Rs. 259.3,https://d3313lwq5y3sh2.cloudfront.net/assets/photos/001/037/803/pharmacy_online_small/augmentin-tab-625mg-6-s__3.webp?1670232196
a,Arinac (200mg) 100 Tablets,Rs. 61.74,https://d3313lwq5y3sh2.cloudfront.net/assets/photos/001/589/117/pharmacy_online_small/ARINAC_TAB__1.webp?1700716875
a,Amoxil (250mg) 100 Capsules,Rs. 187.74,https://d3313lwq5y3sh2.cloudfront.net/assets/photos/001/297/550/pharmacy_online_small/amoxil-250mg.webp?1685700782
a,Arynoin (20mg) 30 Capsules,Rs. 903.51,https://d3313lwq5y3sh2.cloudfront.net/assets/photos/000/963/038/pharmacy_online_small/open-uri20230530-7642-qdrga6.webp?1685435010
a,Amaryl (2mg) 30 Tablets,Rs. 276.89,https://d3313lwq5y3sh2.cloudfront.net/assets/photos/001/236/350/pharmacy_online_small/Amaryl_%282mg%29_30_Tablets_131_copy.webp?1682689529
a,Amorin (50mg) 100 Tablets,Rs. 225.0,https://d3313lwq5y3sh2.cloudfront.net/assets/photos/001/084/308/pharmacy_online_small/AMORIN_50MG_TAB__1.webp?1673597911
a,AZM (250mg) 30 Tablets,Rs. 91.08,https://d3313lwq5y3sh2.cloudfront.net/assets/photos/001/037/843/pharmacy_online_small/azm-250mg-tab-857878__2.webp?1670232368
a,Amaryl (1mg) 30 Tablets,Rs. 139.59,https://d3313lwq5y3sh2.cloudfront.net/assets/photos/001/037/647/pharmacy_online_small/amaryl-tab-2-mg-3x10-s__3.webp?1670231515
a,AZOMAX 500MG TAB,Rs. 239.41,https://d3313lwq5y3sh2.cloudfront.net/assets/photos/001/042/883/pharmacy_online_small/AZOMAX_500MG_TAB__1.webp?1670307220
a,Augmentin BD (1000mg) 6 Tablets,Rs. 326.27,https://d3313lwq5y3sh2.cloudfront.net/assets/photos/000/985/440/pharmacy_online_small/open-uri20230529-31028-1mufk8s.webp?1685369665
b,Brexin (20mg) 20 Tablets,Rs. 302.34,https://d3313lwq5y3sh2.cloudfront.net/assets/photos/001/043/276/pharmacy_online_small/BREXIN_%C2%AE_TABLETS__1.webp?1670308893
b,Brufen (200mg) 100 Tablets,Rs. 41.42,https://d3313lwq5y3sh2.cloudfront.net/assets/photos/001/238/052/pharmacy_online_small/Brufen_200mg_100_Tablets_469_copy.webp?1682762401
b,Beflam (75mg) 20 Tablets,Rs. 172.71,https://d3313lwq5y3sh2.cloudfront.net/assets/photos/002/064/822/pharmacy_online_small/56664.webp?1721645470
b,Buscopan Plus 100 Tablets,Rs. 116.34,https://d3313lwq5y3sh2.cloudfront.net/assets/photos/001/275/864/pharmacy_online_small/BuscopanPlus-10mg-500mg-Sku-170-F.webp?1684761383
b,Betnesol (0.5mg) 100 Tablets,Rs. 30.69,https://d3313lwq5y3sh2.cloudfront.net/assets/photos/001/043/097/pharmacy_online_small/BETNESOL_TAB_%28100S%29__1.webp?1670308159
b,Baclin (10mg) 30 Tablets,Rs. 87.03,https://d3313lwq5y3sh2.cloudfront.net/assets/photos/001/042/989/pharmacy_online_small/BACLIN_10MG_TAB__1.webp?1670307703
b,Betnelan (0.5mg) 500 Tablets,Rs. 43.32,https://d3313lwq5y3sh2.cloudfront.net/assets/photos/001/043/090/pharmacy_online_small/BETNELAN_TAB_%28500S%29__1.webp?1670308128
b,Byscard (5mg) 14 Tablets,Rs. 306.56,https://d3313lwq5y3sh2.cloudfront.net/assets/photos/001/037/926/pharmacy_online_small/byscard-tab-5-mg-14-s__1.webp?1670232745
b,Bon-One (0.5μg) 100 Tablets,Rs. 313.22,https://d3313lwq5y3sh2.cloudfront.net/assets/photos/001/237/746/pharmacy_online_small/Bon-One_%280.5%E2%94%9C%C3%84%E2%94%AC%E2%95%9Dg%29_100_Tablets_426_copy.webp?1682757184
b,Bisleri 30 Chewable Tablets,Rs. 146.7,https://d3313lwq5y3sh2.cloudfront.net/assets/photos/001/306/147/pharmacy_online_small/Screenshot_2023-06-07_111852-removebg-preview.webp?1686118866
b,Biforge (10/160mg) 30 Tablets,Rs. 144.0,https://d3313lwq5y3sh2.cloudfront.net/assets/photos/002/284/196/pharmacy_online_small/cb85036e-8bc4-4af8-b72b-26486e5e0ee7-removebg-preview_540x-ezgif.com-webp-to-jpg-converter-removebg-preview.webp?1728562857
b,Britanyl (2.5mg) 100 Tablets,Rs. 30.4,https://d3313lwq5y3sh2.cloudfront.net/assets/photos/001/043/286/pharmacy_online_small/BRITANYL_TAB__1.webp?1670308936
b,Brotin (2.5mg) 30 Tablets,Rs. 209.48,https://d3313lwq5y3sh2.cloudfront.net/assets/photos/001/037/908/pharmacy_online_small/brotin-2-5mg-tab-30-s__1.webp?1670232665
b,Byscard (2.5mg) 14 Tablets,Rs. 183.96,https://d3313lwq5y3sh2.cloudfront.net/assets/photos/001/084/635/pharmacy_online_small/BYSCARD_2.5MG_TAB__1.webp?1673599059
b,Biforge (5/80mg) 30 Tablets,Rs. 135.0,https://d3313lwq5y3sh2.cloudfront.net/assets/photos/002/266/909/pharmacy_online_small/biforge-5-80mg-tablets-30s-ezgif.com-webp-to-jpg-converter-removebg-preview.webp?1728034298
b,Berica (60mg) 30 Tablets,Rs. 210.9,https://d3313lwq5y3sh2.cloudfront.net/assets/photos/001/043/049/pharmacy_online_small/BERICA_60MG_TAB__1.webp?1670307962
b,BD Ultra-Fine II (1ml) Insulin Syringe,Rs. 4950.0,https://d3313lwq5y3sh2.cloudfront.net/assets/photos/001/521/963/pharmacy_online_small/Screenshot_2023-10-23_135524.webp?1698051394
b,Bamifix (600mg) 30 Tablets,Rs. 347.42,https://d3313lwq5y3sh2.cloudfront.net/assets/photos/001/037/845/pharmacy_online_small/bamifix-tab-3x10-s__1.webp?1670232377
b,Biforge (5/160mg) 30 Tablets,Rs. 148.8,https://d3313lwq5y3sh2.cloudfront.net/assets/photos/002/070/712/pharmacy_online_small/1715472.webp?1721817542
c,Concor (2.5mg) 14 Tablets,Rs. 208.15,https://d3313lwq5y3sh2.cloudfront.net/assets/photos/001/043/946/pharmacy_online_small/CONCOR_2.5MG_TAB__1.webp?1670311472
c,Chocolate Milky,Rs. 9.0,https://healthwire.pk/assets/b2c_design/pharmacy/item_placeholder.svg
c,Concor (5mg) 14 Tablets,Rs. 304.54,https://d3313lwq5y3sh2.cloudfront.net/assets/photos/001/239/438/pharmacy_online_small/Concor_%285mg%29_14_Tablets_2694_copy.webp?1682782832
c,Caflam (50mg) 20 Tablets,Rs. 160.36,https://d3313lwq5y3sh2.cloudfront.net/assets/photos/001/303/506/pharmacy_online_small/f.webp?1685969049
c,Coldrex 100 Tablets,Rs. 35.06,https://d3313lwq5y3sh2.cloudfront.net/assets/photos/001/043/833/pharmacy_online_small/COLDREX_TAB__1.webp?1670311007
c,Citanew (10mg) 14 Tablets,Rs. 437.6,https://d3313lwq5y3sh2.cloudfront.net/assets/photos/001/043/696/pharmacy_online_small/CITANEW_10MG_TAB__1.webp?1670310492
c,Combivair (400/6mcg) 30 Capsules,Rs. 144.0,https://d3313lwq5y3sh2.cloudfront.net/assets/photos/001/238/830/pharmacy_online_small/Combivair_%28400_2672_copy.webp?1682774378
c,Cardnit (2.6mg) 30 Tablets,Rs. 88.02,https://d3313lwq5y3sh2.cloudfront.net/assets/photos/001/038/017/pharmacy_online_small/cardnit-2-6mg-tab-59180__2.webp?1670233103
c,Cosome ( Honey & Lemon) 40 Lozenges,Rs. 540.0,https://d3313lwq5y3sh2.cloudfront.net/assets/photos/001/316/599/pharmacy_online_small/zsdzh.webp?1686294493
c,Calpol (500mg) 200 Tablets,Rs. 28.8,https://d3313lwq5y3sh2.cloudfront.net/assets/photos/001/037/997/pharmacy_online_small/calpol-tab-58795__3.webp?1670233025
c,Co-Eziday (50/12.5mg) 20 Tablets,Rs. 229.59,https://d3313lwq5y3sh2.cloudfront.net/assets/photos/001/044/175/pharmacy_online_small/Co-Eziday_Tablet__1.webp?1670312325
c,Cran Max (250mg) 12 Sachets,Rs. 50.45,https://d3313lwq5y3sh2.cloudfront.net/assets/photos/001/044/027/pharmacy_online_small/CRAN_MAX_SACHETS_%2810S%29__1.webp?1670311786
c,Citanew (5mg) 14 Tablets,Rs. 323.95,https://d3313lwq5y3sh2.cloudfront.net/assets/photos/001/043/702/pharmacy_online_small/CITANEW_5MG_TAB__1.webp?1670310519
c,CQ10 (100mg) 30 Capsules,Rs. 702.34,https://d3313lwq5y3sh2.cloudfront.net/assets/photos/001/038/322/pharmacy_online_small/cq10-100mg-softgel-cap-30s__2.webp?1670234379
c,Covam (5/80mg) 14 Tablets,Rs. 221.76,https://d3313lwq5y3sh2.cloudfront.net/assets/photos/001/238/937/pharmacy_online_small/open-uri20230530-7642-12le10j.webp?1685429546
c,Cytotrexate (2.5mg) 100 Tablets,Rs. 254.7,https://d3313lwq5y3sh2.cloudfront.net/assets/photos/001/044/110/pharmacy_online_small/CYTOTREXATE_2.5MG_TAB__1.webp?1670312100
c,Carveda (6.25mg) 30 Tablets,Rs. 99.36,https://d3313lwq5y3sh2.cloudfront.net/assets/photos/001/038/043/pharmacy_online_small/carveda-6-25mg-tab-858194__3.webp?1670233208
c,Ceridal (10mg) 100 Tablets,Rs. 47.5,https://d3313lwq5y3sh2.cloudfront.net/assets/photos/001/043/621/pharmacy_online_small/CERIDAL_TAB_%2810S%29__1.webp?1670310244
c,Cellgee 30 Tablets,Rs. 318.53,https://d3313lwq5y3sh2.cloudfront.net/assets/photos/001/038/076/pharmacy_online_small/cellgee-tab-30s-856477__2.webp?1670233360
d,Disprin (300mg) 600 Tablets,Rs. 26.91,https://d3313lwq5y3sh2.cloudfront.net/assets/photos/001/044/448/pharmacy_online_small/DISPRIN_300MG_TAB_%28600S%29__1.webp?1670313379
d,Disprin (300mg) 100 Tablets,Rs. 27.0,https://d3313lwq5y3sh2.cloudfront.net/assets/photos/001/586/525/pharmacy_online_small/Disprin-Tablets-Disp-300mg-100s.webp?1700631274
d,Danzen DS (10mg) 20 Tablets,Rs. 216.0,https://d3313lwq5y3sh2.cloudfront.net/assets/photos/001/044/604/pharmacy_online_small/Danzen_Ds_10mg_Tab_20_S__1.webp?1670314107
d,Dicloran (50mg) 30 Tablets,Rs. 109.53,https://d3313lwq5y3sh2.cloudfront.net/assets/photos/001/297/598/pharmacy_online_small/Dicloran-50mg-Sku-402-F.webp?1685702682
d,Deltacortril EC (5mg) 100 Tablets,Rs. 398.7,https://d3313lwq5y3sh2.cloudfront.net/assets/photos/001/521/975/pharmacy_online_small/Screenshot_2023-10-23_140353-removebg-preview.webp?1698051877
d,Duphaston (10mg) 20 Tablets,Rs. 562.59,https://d3313lwq5y3sh2.cloudfront.net/assets/photos/001/044/545/pharmacy_online_small/DUPHASTON_10MG_TAB__1.webp?1670313846
d,Diamicron MR (60mg) 20 Tablets,Rs. 275.04,https://d3313lwq5y3sh2.cloudfront.net/assets/photos/001/085/215/pharmacy_online_small/DIAMICRON_MR_60MG_TAB__1.webp?1673601151
d,Diajard-Mxr 5/1000mg 14 Tablets,Rs. 135.8,https://d3313lwq5y3sh2.cloudfront.net/assets/photos/001/633/807/pharmacy_online_small/38735diajard_mxr_5mg_1000mg.webp?1702470786
d,Diamicron MR (30mg) 20 Tablets,Rs. 383.04,https://d3313lwq5y3sh2.cloudfront.net/assets/photos/001/044/415/pharmacy_online_small/DIAMICRON_MR_30MG_TAB__1.webp?1670313236
d,Dr.Koff (Lemon & Honey) 60 Lozenges,Rs. 216.0,https://d3313lwq5y3sh2.cloudfront.net/assets/photos/001/511/336/pharmacy_online_small/Screenshot_2023-10-17_160810-removebg-preview.webp?1697540952
d,Dapakan (500mg) 100 Tablets,Rs. 1137.39,https://d3313lwq5y3sh2.cloudfront.net/assets/photos/001/239/093/pharmacy_online_small/Dapakan_%28500mg%29_100_Tablets_2780_copy.webp?1682779275
d,Daflon (500mg) 20 Tablets,Rs. 436.5,https://d3313lwq5y3sh2.cloudfront.net/assets/photos/001/044/202/pharmacy_online_small/DAFLON_500MG_TAB__1.webp?1670312414
d,Dextop (30mg) 30 Capsules,Rs. 270.0,https://d3313lwq5y3sh2.cloudfront.net/assets/photos/001/085/485/pharmacy_online_small/Dextop_30mg_Cap_30s__1.webp?1673601550
d,Dapa (10mg) 28 Tablets,Rs. 515.21,https://d3313lwq5y3sh2.cloudfront.net/assets/photos/002/031/611/pharmacy_online_small/1734522.webp?1720009781
d,Deprel (50mg) 30 Tablets,Rs. 139.5,https://d3313lwq5y3sh2.cloudfront.net/assets/photos/001/302/072/pharmacy_online_small/f.webp?1685947871
d,Dapa-Met XR (5/500mg) 14 Tablets,Rs. 227.68,https://d3313lwq5y3sh2.cloudfront.net/assets/photos/001/239/086/pharmacy_online_small/DAPA_MET_XR_5_2771_copy.webp?1682779148
d,Dapa (5mg) 28 Tablets,Rs. 347.63,https://d3313lwq5y3sh2.cloudfront.net/assets/photos/002/031/366/pharmacy_online_small/1716718.webp?1720009394
d,Daonil (5mg) 60 Tablets,Rs. 117.42,https://d3313lwq5y3sh2.cloudfront.net/assets/photos/001/044/231/pharmacy_online_small/DAONIL_5MG_TAB__1.webp?1670312512
d,Detriflow (2mg) 28 Tablets,Rs. 587.29,https://d3313lwq5y3sh2.cloudfront.net/assets/photos/001/038/436/pharmacy_online_small/detriflow-tab-2-mg-28-s__1.webp?1670234849
e,Evion (400mg) 100 Capsules,Rs. 114.48,https://d3313lwq5y3sh2.cloudfront.net/assets/photos/001/085/605/pharmacy_online_small/EVION_400MG_CAP__1.webp?1673601986
e,Epival (500mg) 100 Tablets,Rs. 201.24,https://d3313lwq5y3sh2.cloudfront.net/assets/photos/001/240/718/pharmacy_online_small/Epival_%28500mg%29_100_Tablets_509_copy.webp?1682854306
e,Epival (250mg) 100 Tablets,Rs. 80.46,https://d3313lwq5y3sh2.cloudfront.net/assets/photos/001/240/727/pharmacy_online_small/EPIVAL_250MG_TAB_512_copy.webp?1682854564
e,Evion (600mg) 100 Capsules,Rs. 146.88,https://d3313lwq5y3sh2.cloudfront.net/assets/photos/001/044/874/pharmacy_online_small/EVION_600MG_CAP__1.webp?1670315298
e,Eziday (50mg) 20 Tablets,Rs. 430.38,https://d3313lwq5y3sh2.cloudfront.net/assets/photos/001/085/644/pharmacy_online_small/EZIDAY_50MG_TAB__1.webp?1673602136
e,Eziday (25mg) 20 Tablets,Rs. 263.93,https://d3313lwq5y3sh2.cloudfront.net/assets/photos/001/236/019/pharmacy_online_small/Eziday_%2825mg%29_20_Tablets_819_copy.webp?1682684723
e,Extor (5/160mg) 14 Tablets,Rs. 423.74,https://d3313lwq5y3sh2.cloudfront.net/assets/photos/001/038/711/pharmacy_online_small/extor-tab-5-160-mg-14s__1.webp?1670235968
e,Evion (200mg) 100 Capsules,Rs. 61.11,https://d3313lwq5y3sh2.cloudfront.net/assets/photos/001/044/870/pharmacy_online_small/EVION_200MG_CAP__1.webp?1670315277
e,Extor (10/160mg) 14 Tablets,Rs. 505.93,https://d3313lwq5y3sh2.cloudfront.net/assets/photos/001/038/708/pharmacy_online_small/extor-tab-10-160-mg-14s__1.webp?1670235954
e,Entox-P (630mg) 100 Tablets,Rs. 30.6,https://d3313lwq5y3sh2.cloudfront.net/assets/photos/001/044/752/pharmacy_online_small/ENTOX_P_TAB__1.webp?1670314755
e,Envepe (10/10mg) 30 Tablets,Rs. 95.1,https://d3313lwq5y3sh2.cloudfront.net/assets/photos/001/038/639/pharmacy_online_small/envepe-tab-30s__2.webp?1670235657
e,Esso (40mg) 14 Capsules,Rs. 549.11,https://d3313lwq5y3sh2.cloudfront.net/assets/photos/001/038/664/pharmacy_online_small/esso-cap-40mg-871452__1.webp?1670235763
e,Epival CR (500mg) 50 Tablets,Rs. 242.06,https://d3313lwq5y3sh2.cloudfront.net/assets/photos/001/044/773/pharmacy_online_small/EPIVAL_CR_500MG_TAB__1.webp?1670314847
e,ENO Fruit Salt-Orange (5g) 72 Sachets,Rs. 1026.0,https://d3313lwq5y3sh2.cloudfront.net/assets/photos/001/240/700/pharmacy_online_small/ENO_Fruit_Salt-Orange_%285g%29_72_Sachets_492_copy.webp?1682853774
e,Eskem (40mg) 14 Capsules,Rs. 252.0,https://d3313lwq5y3sh2.cloudfront.net/assets/photos/001/038/655/pharmacy_online_small/eskem-cap-40-mg-14-s__2.webp?1670235725
e,Esso (20mg) 14 Capsules,Rs. 338.44,https://d3313lwq5y3sh2.cloudfront.net/assets/photos/001/038/662/pharmacy_online_small/esso-cap-20mg-871451__1.webp?1670235752
e,Epicetam (500mg) 10 Tablets,Rs. 646.41,https://d3313lwq5y3sh2.cloudfront.net/assets/photos/001/282/020/pharmacy_online_small/epicetam-tab-500-mg-10-s__1.webp?1684996676
f,Flagyl (400mg) 200 Tablets,Rs. 41.04,https://d3313lwq5y3sh2.cloudfront.net/assets/photos/001/038/795/pharmacy_online_small/flagyl-400mg-tab-200-s__1.webp?1670236308
f,FACE MASK 3PLY (GREEN/ WHITE),Rs. 475.0,https://d3313lwq5y3sh2.cloudfront.net/assets/photos/001/087/125/pharmacy_online_small/RELUMIN_FACE_MASK_30GM__1.webp?1673607306
f,Fefol Vit 56 Capsules,Rs. 101.43,https://d3313lwq5y3sh2.cloudfront.net/assets/photos/001/038/745/pharmacy_online_small/fefol-vit-cap-56s__3.webp?1670236100
f,FACE MASK BLUE,Rs. 9.0,https://d3313lwq5y3sh2.cloudfront.net/assets/photos/002/031/452/pharmacy_online_small/1476205.webp?1720009529
f,Face Mask 50 Pcs,Rs. 325.0,https://d3313lwq5y3sh2.cloudfront.net/assets/photos/002/341/957/pharmacy_online_small/facemask-removebg-preview.webp?1730399107
f,Fexet (60mg) 20 Tablets,Rs. 168.75,https://d3313lwq5y3sh2.cloudfront.net/assets/photos/001/589/906/pharmacy_online_small/download_%288%29.webp?1700727962
f,Flux (20mg) 14 Capsules,Rs. 381.18,https://d3313lwq5y3sh2.cloudfront.net/assets/photos/001/045/087/pharmacy_online_small/FLUX_20MG_CAP_%2814S%29__1.webp?1670316224
f,Fexet (120mg) 20 Tablets,Rs. 274.59,https://d3313lwq5y3sh2.cloudfront.net/assets/photos/001/038/775/pharmacy_online_small/fexet-120mg-tab-70484__1.webp?1670236220
f,Freestyle Optium (Blood Glucose) 50 Test Strips,Rs. 228.02,https://d3313lwq5y3sh2.cloudfront.net/assets/photos/001/243/331/pharmacy_online_small/Free_Style_Optium_Ketone_Strips_1s_618_copy.webp?1683008398
f,Froben (100mg) 30 Tablets,Rs. 117.0,https://d3313lwq5y3sh2.cloudfront.net/assets/photos/001/045/157/pharmacy_online_small/FROBEN_100MG_TAB__1.webp?1670316559
f,Ferfer (Orange) 30 Sachets,Rs. 32.47,https://d3313lwq5y3sh2.cloudfront.net/assets/photos/001/045/014/pharmacy_online_small/FERFER_SACHETS__1.webp?1670315911
f,Fexet D (60/120mg) 10 Tablets,Rs. 212.4,https://d3313lwq5y3sh2.cloudfront.net/assets/photos/001/589/877/pharmacy_online_small/1677219979_nhJlKbG5UB.webp?1700727830
f,Fenoget (200mg) 10 Capsules,Rs. 416.07,https://d3313lwq5y3sh2.cloudfront.net/assets/photos/001/045/007/pharmacy_online_small/FENOGET_200MG_CAP__1.webp?1670315880
f,Floaid (10mg) 14 Tablets,Rs. 225.51,https://d3313lwq5y3sh2.cloudfront.net/assets/photos/001/045/065/pharmacy_online_small/FLOAID_10MG_TAB__1.webp?1670316125
f,Fenoget (67mg) 30 Capsules,Rs. 219.06,https://d3313lwq5y3sh2.cloudfront.net/assets/photos/001/038/764/pharmacy_online_small/fenoget-67mg-cap-70082__3.webp?1670236165
f,Febrol (500mg) 200 Tablets,Rs. 651.7,https://d3313lwq5y3sh2.cloudfront.net/assets/photos/002/064/988/pharmacy_online_small/295683.webp?1721645789
f,Formiget (400/12mcg) 30 Capsules,Rs. 163.69,https://d3313lwq5y3sh2.cloudfront.net/assets/photos/001/038/824/pharmacy_online_small/formiget-400mcg-12mcg-cap-30s__1.webp?1670236427
f,Freehale (10mg) 14 Tablet,Rs. 198.01,https://d3313lwq5y3sh2.cloudfront.net/assets/photos/001/038/838/pharmacy_online_small/freehale-10-mg-tab-1-x-14-s__3.webp?1670236480
f,Feldene (20mg) 40 Capsules,Rs. 203.86,https://d3313lwq5y3sh2.cloudfront.net/assets/photos/001/038/753/pharmacy_online_small/feldene-20mg-cap-40-s__3.webp?1670236123
g,Glucophage (500mg) 50 Tablets,Rs. 39.06,https://d3313lwq5y3sh2.cloudfront.net/assets/photos/001/038/973/pharmacy_online_small/glucophage-500mg-tab-50s__2.webp?1670237040
g,Gestofill 100 Tablets,Rs. 22.5,https://d3313lwq5y3sh2.cloudfront.net/assets/photos/001/241/044/pharmacy_online_small/Gestofill_100_Tablets_733_copy.webp?1682862568
g,Gonadil-F 40 Capsules,Rs. 372.0,https://d3313lwq5y3sh2.cloudfront.net/assets/photos/001/281/946/pharmacy_online_small/Gonadil-F_40_Capsules_1.webp?1684995521
g,Gravinate (50mg) 100 Tablets,Rs. 27.18,https://d3313lwq5y3sh2.cloudfront.net/assets/photos/001/039/009/pharmacy_online_small/gravinate-tab-100-s__1.webp?1670237201
g,Glucophage (250mg) 50 Tablets,Rs. 21.15,https://d3313lwq5y3sh2.cloudfront.net/assets/photos/001/045/283/pharmacy_online_small/GLUCOPHAGE_250MG_TAB__2.webp?1670317143
g,GETRYL 2MG TAB 30S,Rs. 193.8,https://d3313lwq5y3sh2.cloudfront.net/assets/photos/001/242/602/pharmacy_online_small/GETRYL_2MG_TAB_30S_743_copy.webp?1682940707
g,Getformin (2/500mg) 30 Tablets,Rs. 182.97,https://d3313lwq5y3sh2.cloudfront.net/assets/photos/001/590/693/pharmacy_online_small/37472.webp?1700737853
g,Getformin (1/500mg) 30 Tablets,Rs. 109.26,https://d3313lwq5y3sh2.cloudfront.net/assets/photos/001/038/937/pharmacy_online_small/getformin-tab-1-500-mg-30s__3.webp?1670236897
g,Gabica (75mg) 14 Capsules,Rs. 245.26,https://d3313lwq5y3sh2.cloudfront.net/assets/photos/001/045/187/pharmacy_online_small/GABICA_75MG_CAP__1.webp?1670316692
g,Glucophage XR (750mg) 30 Tablets,Rs. 119.43,https://d3313lwq5y3sh2.cloudfront.net/assets/photos/001/045/295/pharmacy_online_small/GLUCOPHAGE_XR_750MG_TAB__1.webp?1670317202
g,Ganaton OD (150mg) 10 Tablets,Rs. 495.0,https://d3313lwq5y3sh2.cloudfront.net/assets/photos/001/236/125/pharmacy_online_small/Ganaton_OD_%28150mg%29_10_Tablets_866_copy.webp?1682685937
g,Gouric (40mg) 20 Tablets,Rs. 270.0,https://d3313lwq5y3sh2.cloudfront.net/assets/photos/001/038/995/pharmacy_online_small/gouric-tab-40-mg-20-s__1.webp?1670237143
g,GETRYL (1MG) 30 TABLET,Rs. 103.04,https://d3313lwq5y3sh2.cloudfront.net/assets/photos/002/070/564/pharmacy_online_small/1593061.webp?1721817283
g,Gabica (150mg) 14 Capsules,Rs. 335.22,https://d3313lwq5y3sh2.cloudfront.net/assets/photos/001/085/773/pharmacy_online_small/GABICA_150MG_CAP__1.webp?1673602611
g,GETRYL 4MG TAB 30S,Rs. 333.81,https://d3313lwq5y3sh2.cloudfront.net/assets/photos/002/267/024/pharmacy_online_small/getryl-4mg-removebg-preview.webp?1728036227
g,Glucovance (500/5mg) 30 Tablets,Rs. 107.6,https://d3313lwq5y3sh2.cloudfront.net/assets/photos/001/241/710/pharmacy_online_small/Glucovance_%28500_776_copy.webp?1682921677
g,Getryl (3mg) 30 Tablets,Rs. 215.28,https://d3313lwq5y3sh2.cloudfront.net/assets/photos/001/589/939/pharmacy_online_small/Getryl-Tablet-3mg--30-Ct---Getz-Pharma-00d094c-my-vitamin-store.webp?1700728232
g,Glucophage XR (1000mg) 30 Tablets,Rs. 153.61,https://d3313lwq5y3sh2.cloudfront.net/assets/photos/001/045/289/pharmacy_online_small/GLUCOPHAGE_XR_1000MG_TAB__1.webp?1670317171
g,Gabica (50mg) 14 Capsules,Rs. 211.55,https://d3313lwq5y3sh2.cloudfront.net/assets/photos/001/240/963/pharmacy_online_small/Gabica_%2850mg%29_14_Capsules_663_copy.webp?1682861203
h,Hairfin (1mg) 30 Tablets,Rs. 140.8,https://d3313lwq5y3sh2.cloudfront.net/assets/photos/001/085/879/pharmacy_online_small/HAIRFIN_1MG_TAB__1.webp?1673602986
h,HCQ (200mg) 30 Tablets,Rs. 161.82,https://d3313lwq5y3sh2.cloudfront.net/assets/photos/001/085/885/pharmacy_online_small/HCQ_TAB__1.webp?1673603008
h,Hi-Lacta (500mg) 60 Capsules,Rs. 284.76,https://d3313lwq5y3sh2.cloudfront.net/assets/photos/001/045/370/pharmacy_online_small/HI_LACTA_CAP_500MG__1.webp?1670317561
h,High-C 1000 10 Sachets,Rs. 15.3,https://d3313lwq5y3sh2.cloudfront.net/assets/photos/001/045/394/pharmacy_online_small/HIGH_C_1000_SACHETS__1.webp?1670317679
h,Herbesser (30mg) 30 Tablets,Rs. 117.0,https://d3313lwq5y3sh2.cloudfront.net/assets/photos/001/045/367/pharmacy_online_small/HERBESSER_30MG_TAB__1.webp?1670317547
h,Hitop (100mg) 30 Tablets,Rs. 558.37,https://d3313lwq5y3sh2.cloudfront.net/assets/photos/001/045/426/pharmacy_online_small/HITOP_100MG_TAB__1.webp?1670317826
h,Hinubon 50 Plus 20 Tablets,Rs. 297.0,https://d3313lwq5y3sh2.cloudfront.net/assets/photos/001/242/188/pharmacy_online_small/HINUBON_50_PLUS_TAB_949_copy.webp?1682930266
h,Herbesser SR (90mg) 10 Capsules,Rs. 227.79,https://d3313lwq5y3sh2.cloudfront.net/assets/photos/001/039/042/pharmacy_online_small/herbesser-cap-sr-90-mg-10-s__1.webp?1670237336
h,Hydryllin 120ml Syrup,Rs. 135.0,https://d3313lwq5y3sh2.cloudfront.net/assets/photos/001/302/387/pharmacy_online_small/f.webp?1685953356
h,Hydralazine HCl (25mg) 20 Tablets,Rs. 40.77,https://d3313lwq5y3sh2.cloudfront.net/assets/photos/001/039/085/pharmacy_online_small/hydralazine-hci-25mg-tab-75033__1.webp?1670237517
h,HINUMOM CAP (20S),Rs. 263.7,https://d3313lwq5y3sh2.cloudfront.net/assets/photos/001/503/259/pharmacy_online_small/Screenshot_2023-10-13_181134-removebg-preview.webp?1697202784
h,Hitop (25mg) 30 Tablets,Rs. 403.47,https://d3313lwq5y3sh2.cloudfront.net/assets/photos/001/039/081/pharmacy_online_small/hitop-tab-25-mg-30-s__3.webp?1670237497
h,Hydrozole (1/1%) 20g Cream,Rs. 269.74,https://d3313lwq5y3sh2.cloudfront.net/assets/photos/001/617/393/pharmacy_online_small/1677495156_l64eMA1Jmk.webp?1701858552
h,Hilin (75mg) 14 Capsules,Rs. 183.33,https://d3313lwq5y3sh2.cloudfront.net/assets/photos/001/045/411/pharmacy_online_small/HILIN_75MG_CAP_%2814S%29__1.webp?1670317756
h,Hitop (50mg) 30 Tablets,Rs. 434.95,https://d3313lwq5y3sh2.cloudfront.net/assets/photos/001/085/967/pharmacy_online_small/HITOP_50MG_TAB__1.webp?1673603287
h,Hydryllin DM (5/6.25mg) 120ml Syrup,Rs. 147.88,https://d3313lwq5y3sh2.cloudfront.net/assets/photos/001/045/474/pharmacy_online_small/HYDRYLLIN_DM_120ML_SYP__1.webp?1670318003
h,Happy Life Collection 3 Condoms,Rs. 144.0,https://d3313lwq5y3sh2.cloudfront.net/assets/photos/001/512/663/pharmacy_online_small/Screenshot_2023-10-18_113220-removebg-preview.webp?1697610851
h,Hytrin (1mg) 30 Tablets,Rs. 157.99,https://d3313lwq5y3sh2.cloudfront.net/assets/photos/001/086/010/pharmacy_online_small/HYTRIN_1MG_TAB__1.webp?1673603443
h,Havovig 20 Capsules,Rs. 1097.4,https://d3313lwq5y3sh2.cloudfront.net/assets/photos/001/045/355/pharmacy_online_small/HAVOVIG_CAP_20'S__1.webp?1670317500
h,Hyderquin Plus 15g Cream,Rs. 158.45,https://d3313lwq5y3sh2.cloudfront.net/assets/photos/001/045/467/pharmacy_online_small/HYDERQUIN_PLUS_CREAM_15G__1.webp?1670317980
i,INDERAL 10MG TAB 50S,Rs. 69.98,https://d3313lwq5y3sh2.cloudfront.net/assets/photos/001/302/897/pharmacy_online_small/f.webp?1685960853
i,Ivaset (5mg) 14 Tablets,Rs. 203.7,https://d3313lwq5y3sh2.cloudfront.net/assets/photos/001/045/607/pharmacy_online_small/IVASET_5MG_TAB__1.webp?1670318575
i,Imodium (2mg) 60 Capsules,Rs. 75.22,https://d3313lwq5y3sh2.cloudfront.net/assets/photos/001/045/507/pharmacy_online_small/IMODIUM_CAP__1.webp?1670318128
i,Inderal (40mg) 50 Tablets,Rs. 131.4,https://d3313lwq5y3sh2.cloudfront.net/assets/photos/001/302/252/pharmacy_online_small/f.webp?1685950653
i,Isotrate (20mg) 60 Tablets,Rs. 131.86,https://d3313lwq5y3sh2.cloudfront.net/assets/photos/001/039/175/pharmacy_online_small/isotrate-20mg-tab-60-s__1.webp?1670237876
i,Ivatab (5mg) 28 Tablets,Rs. 553.52,https://d3313lwq5y3sh2.cloudfront.net/assets/photos/001/045/610/pharmacy_online_small/IVATAB_5MG_TAB_%2828S%29__1.webp?1670318592
i,Intig-D 30 Tablets,Rs. 148.59,https://d3313lwq5y3sh2.cloudfront.net/assets/photos/001/039/159/pharmacy_online_small/intig-d-tab-30s__1.webp?1670237826
i,Ironone (150mg) 30 Capsules,Rs. 193.23,https://d3313lwq5y3sh2.cloudfront.net/assets/photos/001/045/581/pharmacy_online_small/IRONONE_CAP_%2830S%29__1.webp?1670318458
i,Inosita Plus (50/500mg) 28 Tablets,Rs. 235.87,https://d3313lwq5y3sh2.cloudfront.net/assets/photos/001/242/416/pharmacy_online_small/Inosita_Plus_%2850_1049_copy.webp?1682934678
i,Ivermite (6mg) 10 Tablets,Rs. 405.99,https://d3313lwq5y3sh2.cloudfront.net/assets/photos/001/039/211/pharmacy_online_small/ivermite-tab-6mg-10s__1.webp?1670238001
i,Itaglip Plus (50/500mg) 14 Tablets,Rs. 231.78,https://d3313lwq5y3sh2.cloudfront.net/assets/photos/001/039/197/pharmacy_online_small/itaglip-plus-50mg-500mg-tab-14s__3.webp?1670237944
i,Inosita Plus (50/1000mg) 28 Tablets,Rs. 250.18,https://d3313lwq5y3sh2.cloudfront.net/assets/photos/001/045/535/pharmacy_online_small/INOSITA_PLUS_50%281000MG_TAB_%2828S%29__1.webp?1670318256
i,"Indrop D (200000IU) 1ml, 1 Ampoule Injection",Rs. 270.47,https://d3313lwq5y3sh2.cloudfront.net/assets/photos/001/045/518/pharmacy_online_small/INDROP_D_INJ__2.webp?1670318180
i,Ironic 20 Tablets,Rs. 320.22,https://d3313lwq5y3sh2.cloudfront.net/assets/photos/001/039/165/pharmacy_online_small/ironic-tab-20s__2.webp?1670237849
i,ITP (50mg) 10 Tablets,Rs. 306.0,https://d3313lwq5y3sh2.cloudfront.net/assets/photos/001/086/125/pharmacy_online_small/ITP_50MG_TAB__1.webp?1673603837
i,Icon (100mg) 4 Capsules,Rs. 355.46,https://d3313lwq5y3sh2.cloudfront.net/assets/photos/001/589/474/pharmacy_online_small/Screenshot_2023-11-23_121420.webp?1700723773
i,Instazin (10mg) 10 Tablets,Rs. 37.8,https://d3313lwq5y3sh2.cloudfront.net/assets/photos/002/065/206/pharmacy_online_small/1238991.webp?1721646141
i,Inflamatix (100mg) 30 Tablets,Rs. 101.37,https://d3313lwq5y3sh2.cloudfront.net/assets/photos/001/086/072/pharmacy_online_small/INFLAMATIX_100MG_TAB__1.webp?1673603659
i,Inosita Plus XR (50/500mg) 14 Tablets,Rs. 271.09,https://d3313lwq5y3sh2.cloudfront.net/assets/photos/001/242/423/pharmacy_online_small/Inosita_Plus_XR_%2850_1055_copy.webp?1682934784
i,Inosita Plus XR (50/1000mg) 14 Tablets,Rs. 283.5,https://d3313lwq5y3sh2.cloudfront.net/assets/photos/001/045/546/pharmacy_online_small/INOSITA_PLUS_XR_50%281000MG_TAB_%2814S%29__1.webp?1670318300
j,Just-N (5mg) 30 Tablets,Rs. 268.7,https://d3313lwq5y3sh2.cloudfront.net/assets/photos/001/236/304/pharmacy_online_small/JUST_N_TAB_918_copy.webp?1682689069
j,Joshanda 30 S,Rs. 675.0,https://healthwire.pk/assets/b2c_design/pharmacy/item_placeholder.svg
j,Jardy (10mg) 14 Tablets,Rs. 217.29,https://d3313lwq5y3sh2.cloudfront.net/assets/photos/001/039/233/pharmacy_online_small/jardy-10mg-tab-14s__1.webp?1670238085
j,Jentin-Met (50/500mg) 14 Tablets,Rs. 218.04,https://d3313lwq5y3sh2.cloudfront.net/assets/photos/001/236/206/pharmacy_online_small/Jentin-Met%2850_890_copy.webp?1682687741
j,Jardy (25mg) 14 Tablets,Rs. 320.42,https://d3313lwq5y3sh2.cloudfront.net/assets/photos/001/039/238/pharmacy_online_small/jardy-25mg-tab-14s__3.webp?1670238104
j,Jardin-D (5mg) 10 Tablets,Rs. 233.28,https://d3313lwq5y3sh2.cloudfront.net/assets/photos/001/045/625/pharmacy_online_small/JARDIN_D_5MG_TAB__1.webp?1670318652
j,Jezeta (10/10mg) 10 Tablets,Rs. 335.16,https://d3313lwq5y3sh2.cloudfront.net/assets/photos/001/303/351/pharmacy_online_small/f.webp?1685966966
j,Johar Joshanda Extra Strength,Rs. 22.5,https://d3313lwq5y3sh2.cloudfront.net/assets/photos/002/070/479/pharmacy_online_small/1476190.webp?1721817141
j,Jardy-Met (12.5/1000mg) 14 Tablets,Rs. 257.29,https://d3313lwq5y3sh2.cloudfront.net/assets/photos/001/039/240/pharmacy_online_small/jardy-met-12-5-1000mg-tab-14s-305563__2.webp?1670238114
j,Jardy-Met (12.5/500mg) 14 Tablets,Rs. 257.29,https://d3313lwq5y3sh2.cloudfront.net/assets/photos/001/039/243/pharmacy_online_small/jardy-met-12-5-500mg-tab-14s-305564__2.webp?1670238128
j,Jovit (500/400mg) 20 Tablets,Rs. 324.66,https://d3313lwq5y3sh2.cloudfront.net/assets/photos/001/045/643/pharmacy_online_small/JOVIT_TAB__1.webp?1670318739
j,Josh Delay Condom 3'S,Rs. 142.5,https://d3313lwq5y3sh2.cloudfront.net/assets/photos/001/524/175/pharmacy_online_small/Screenshot_2023-10-24_124038-removebg-preview.webp?1698133289
j,Jardin (10mg) 10 Tablets,Rs. 124.55,https://d3313lwq5y3sh2.cloudfront.net/assets/photos/001/045/621/pharmacy_online_small/JARDIN_10MG_TAB__1.webp?1670318638
j,Jezeta (10/20mg) 10 Tablets,Rs. 540.36,https://d3313lwq5y3sh2.cloudfront.net/assets/photos/001/039/250/pharmacy_online_small/jezeta-10-20mg-tab-10s__1.webp?1670238158
j,Janumet (50/1000mg) 14 Tablets,Rs. 736.29,https://d3313lwq5y3sh2.cloudfront.net/assets/photos/001/039/216/pharmacy_online_small/janumet-50-1000mg-m-s-d-tab-14-s__1.webp?1670238016
j,Jentin Met (50/1000mg) 14 Tablets,Rs. 218.8,https://d3313lwq5y3sh2.cloudfront.net/assets/photos/001/045/634/pharmacy_online_small/JENTIN_MET_50%281000MG_TAB__1.webp?1670318694
j,Janumet (50/500mg) 14 Tablets,Rs. 736.35,https://d3313lwq5y3sh2.cloudfront.net/assets/photos/001/039/221/pharmacy_online_small/janumet-50-500mg-tab-14-s__3.webp?1670238038
j,Joshanda Instant Hamdard,Rs. 285.0,https://d3313lwq5y3sh2.cloudfront.net/assets/photos/002/065/367/pharmacy_online_small/1217401.webp?1721646388
k,Kempro (5mg) 100 Tablets,Rs. 92.7,https://d3313lwq5y3sh2.cloudfront.net/assets/photos/001/045/669/pharmacy_online_small/KEMPRO_5MG_TAB__1.webp?1670318866
k,Kestine (10mg) 14 Coated Tablets,Rs. 133.88,https://d3313lwq5y3sh2.cloudfront.net/assets/photos/001/237/007/pharmacy_online_small/Kestine_%2810mg%29_10_Coated_Tablets_951_copy.webp?1682745639
k,Keto-Cell 100 Tablets,Rs. 465.0,https://d3313lwq5y3sh2.cloudfront.net/assets/photos/001/131/849/pharmacy_online_small/DSC05669_copy.webp?1677140611
k,Kestine (20mg) 14 Tablets,Rs. 213.76,https://d3313lwq5y3sh2.cloudfront.net/assets/photos/001/045/681/pharmacy_online_small/KESTINE_20MG_TAB__1.webp?1670318922
k,Klaricid (250mg) 10 Tablets,Rs. 503.5,https://d3313lwq5y3sh2.cloudfront.net/assets/photos/001/039/304/pharmacy_online_small/klaricid-tab-250-mg-10-s__2.webp?1670238372
k,KetoAlpha Tab 100'S,Rs. 4363.35,https://healthwire.pk/assets/b2c_design/pharmacy/item_placeholder.svg
k,Kestore (10mg) 10 Tablets,Rs. 179.91,https://d3313lwq5y3sh2.cloudfront.net/assets/photos/001/045/684/pharmacy_online_small/KESTORE_10MG_TAB__1.webp?1670318936
k,Klaricid (500mg) 10 Tablets,Rs. 864.36,https://d3313lwq5y3sh2.cloudfront.net/assets/photos/001/045/715/pharmacy_online_small/KLARICID_500MG_TAB__1.webp?1670319088
k,Kalv 14 Sachets,Rs. 44.96,https://d3313lwq5y3sh2.cloudfront.net/assets/photos/001/039/278/pharmacy_online_small/kalv-sachet-14s__2.webp?1670238273
k,Klaricid XL (500mg) 5 Tablets,Rs. 432.0,https://d3313lwq5y3sh2.cloudfront.net/assets/photos/001/237/134/pharmacy_online_small/Klaricid_XL_%28500mg%29_5_Tablets_981_copy.webp?1682749131
k,Keflex (500mg) 12 Capsules,Rs. 348.48,https://d3313lwq5y3sh2.cloudfront.net/assets/photos/001/236/997/pharmacy_online_small/Keflex_%28500mg%29_12_Capsules_939_copy.webp?1682745352
k,Kestore (5mg) 10 Tablets,Rs. 97.0,https://d3313lwq5y3sh2.cloudfront.net/assets/photos/001/039/293/pharmacy_online_small/kestore-5mg-tab-870954__1.webp?1670238336
k,Kanadex-N 15g Cream,Rs. 71.25,https://d3313lwq5y3sh2.cloudfront.net/assets/photos/001/039/286/pharmacy_online_small/kanadex-n-cream-15gms-1s__3.webp?1670238306
k,Klimax (Ultra) Condom,Rs. 357.29,https://d3313lwq5y3sh2.cloudfront.net/assets/photos/001/302/929/pharmacy_online_small/f.webp?1685961288
k,Kalv 30 Tablets,Rs. 374.13,https://d3313lwq5y3sh2.cloudfront.net/assets/photos/001/039/281/pharmacy_online_small/kalv-tab-30s__2.webp?1670238288
k,KLIMAX EXTACY PLUS 2S,Rs. 266.0,https://d3313lwq5y3sh2.cloudfront.net/assets/photos/001/521/678/pharmacy_online_small/Screenshot_2023-10-23_124832-removebg-preview.webp?1698047360
l,LOPRIN 75MG TAB 30'S,Rs. 22.61,https://d3313lwq5y3sh2.cloudfront.net/assets/photos/001/629/161/pharmacy_online_small/Picture10-1.webp?1702362317
l,Laxoberon (5mg) 100 Tablets,Rs. 55.58,https://d3313lwq5y3sh2.cloudfront.net/assets/photos/001/039/377/pharmacy_online_small/laxoberon-tab-10x10s__3.webp?1670238664
l,Leradip (10mg) 14 Tablets,Rs. 882.0,https://d3313lwq5y3sh2.cloudfront.net/assets/photos/001/045/864/pharmacy_online_small/LERADIP_10MG_TAB__1.webp?1670319783
l,Lasix (40mg) 100 Tablets,Rs. 34.65,https://d3313lwq5y3sh2.cloudfront.net/assets/photos/001/039/363/pharmacy_online_small/lasix-40mg-tab-100-s__1.webp?1670238608
l,Lowplat (75mg) 10 Tablets,Rs. 243.81,https://d3313lwq5y3sh2.cloudfront.net/assets/photos/001/045/990/pharmacy_online_small/LOWPLAT_75MG_TAB__1.webp?1670320372
l,Librax (5/2.5mg) 50 Dragees,Rs. 65.1,https://d3313lwq5y3sh2.cloudfront.net/assets/photos/001/240/369/pharmacy_online_small/Librax_tab_50s_1173_copy.webp?1682847682
l,Lowplat Plus (75/75mg) 10 Tablets,Rs. 269.42,https://d3313lwq5y3sh2.cloudfront.net/assets/photos/001/280/397/pharmacy_online_small/LOWPLAT_PLUS_75MG_TAB__1.webp?1684929565
l,Lipiget (10mg) 10 Tablets,Rs. 296.76,https://d3313lwq5y3sh2.cloudfront.net/assets/photos/001/045/942/pharmacy_online_small/LIPIGET_10MG_TAB__1.webp?1670320153
l,Lophos (667mg) 100 Tablets,Rs. 635.55,https://d3313lwq5y3sh2.cloudfront.net/assets/photos/001/039/456/pharmacy_online_small/lophos-tab-10x10-s__1.webp?1670238973
l,Lasix (20mg) 100 Tablets,Rs. 20.79,https://d3313lwq5y3sh2.cloudfront.net/assets/photos/001/240/360/pharmacy_online_small/Lasix_%2820mg%29_100_Tablets_1169_copy.webp?1682847607
l,Leflox (250mg) 10 Tablets,Rs. 295.2,https://d3313lwq5y3sh2.cloudfront.net/assets/photos/001/086/231/pharmacy_online_small/LEFLOX_250MG_TAB__1.webp?1673604206
l,Levopraid (25mg) 20 Tablets,Rs. 189.16,https://d3313lwq5y3sh2.cloudfront.net/assets/photos/001/045/888/pharmacy_online_small/LEVOPRAID_25MG_TAB__1.webp?1670319908
l,Leflox (500mg) 10 Tablets,Rs. 481.59,https://d3313lwq5y3sh2.cloudfront.net/assets/photos/001/589/302/pharmacy_online_small/leflox-500mg.webp?1700721935
l,Loprin (150mg) 30 Tablets,Rs. 29.16,https://d3313lwq5y3sh2.cloudfront.net/assets/photos/001/039/457/pharmacy_online_small/loprin-tab-150-mg-30-s__1.webp?1670238980
l,Lochol (10mg) 30 Tablets,Rs. 229.37,https://d3313lwq5y3sh2.cloudfront.net/assets/photos/001/045/964/pharmacy_online_small/LOCHOL_10MG_TAB_%2830S%29__1.webp?1670320261
l,Locyst 30 Tablets,Rs. 560.6,https://d3313lwq5y3sh2.cloudfront.net/assets/photos/001/039/450/pharmacy_online_small/locyst-tab-870081__1.webp?1670238951
l,Lochol (20mg) 30 Tablets,Rs. 404.87,https://d3313lwq5y3sh2.cloudfront.net/assets/photos/000/981/550/pharmacy_online_small/open-uri20230530-7642-ozrnfe.webp?1685433006
l,Lerace (500mg) 10 Tablets,Rs. 618.17,https://d3313lwq5y3sh2.cloudfront.net/assets/photos/001/306/670/pharmacy_online_small/Screenshot_2023-06-07_134437-removebg-preview.webp?1686127771
l,Lumark (500mg) 30 Tablets,Rs. 556.11,https://d3313lwq5y3sh2.cloudfront.net/assets/photos/001/046/012/pharmacy_online_small/LUMARK_500MG_TAB__1.webp?1670320470
m,Methycobal (500µg) 100 Tablets,Rs. 285.0,https://d3313lwq5y3sh2.cloudfront.net/assets/photos/001/046/375/pharmacy_online_small/Methycobal_Tab_100_s__1.webp?1670322076
m,Merol (25mg) 30 Tablets,Rs. 34.2,https://d3313lwq5y3sh2.cloudfront.net/assets/photos/001/039/634/pharmacy_online_small/merol-tab-25-mg-3x10-s__1.webp?1670239580
m,Myteka (10mg) 14 Tablets,Rs. 295.13,https://d3313lwq5y3sh2.cloudfront.net/assets/photos/001/046/352/pharmacy_online_small/MYTEKA_10MG_TAB__1.webp?1670321977
m,Movax (2mg) Tablet 20'S,Rs. 459.18,https://d3313lwq5y3sh2.cloudfront.net/assets/photos/002/173/629/pharmacy_online_small/WhatsApp_Image_2024-08-28_at_14.21.52_86bbac64-removebg-preview.webp?1724837242
m,Motilium (10mg) 50 Tablets,Rs. 211.68,https://d3313lwq5y3sh2.cloudfront.net/assets/photos/001/046/306/pharmacy_online_small/MOTILIUM_10MG_TAB__1.webp?1670321783
m,Mecobal (500mcg) 30 Tablets,Rs. 190.0,https://d3313lwq5y3sh2.cloudfront.net/assets/photos/001/086/392/pharmacy_online_small/MECOBAL_TAB_500MCG__1.webp?1673604770
m,Montika (10mg) 14 Tablets,Rs. 459.02,https://d3313lwq5y3sh2.cloudfront.net/assets/photos/001/039/748/pharmacy_online_small/montika-tab-10-mg-14-s__1.webp?1670240010
m,Motival (10/0.5mg) 100 Sugar Coated Tablets,Rs. 97.65,https://d3313lwq5y3sh2.cloudfront.net/assets/photos/001/238/839/pharmacy_online_small/Motival_%2810mg_1338_copy.webp?1682774580
m,Maxflow (0.4mg) 20 Capsules,Rs. 611.37,https://d3313lwq5y3sh2.cloudfront.net/assets/photos/001/046/083/pharmacy_online_small/MAXFLOW_0.4MG_CAP__1.webp?1670320787
m,Merol (50mg) 30 Tablets,Rs. 63.56,https://d3313lwq5y3sh2.cloudfront.net/assets/photos/001/086/423/pharmacy_online_small/MEROL_50MG_TAB__1.webp?1673604876
m,Mosegor 30 Tablets,Rs. 155.8,https://d3313lwq5y3sh2.cloudfront.net/assets/photos/001/046/300/pharmacy_online_small/MOSEGOR_TAB__1.webp?1670321756
m,Myfol (400mcg) 30 Tablets,Rs. 189.15,https://d3313lwq5y3sh2.cloudfront.net/assets/photos/001/039/805/pharmacy_online_small/myfol-tab-400mg-870084__1.webp?1670240198
m,Motilium-V (10mg) 100 Tablets,Rs. 199.08,https://d3313lwq5y3sh2.cloudfront.net/assets/photos/002/172/547/pharmacy_online_small/motilium_v.webp?1724765042
m,Movax (4mg) 10 Tablets,Rs. 312.75,https://d3313lwq5y3sh2.cloudfront.net/assets/photos/001/039/762/pharmacy_online_small/movax-tab-4-mg-10-s__2.webp?1670240061
m,Montiget (10mg) 14 Tablets,Rs. 242.68,https://d3313lwq5y3sh2.cloudfront.net/assets/photos/001/046/273/pharmacy_online_small/MONTIGET_10MG_TAB__1.webp?1670321623
m,Myonal (50mg) 100 Tablets,Rs. 306.45,https://d3313lwq5y3sh2.cloudfront.net/assets/photos/001/046/350/pharmacy_online_small/MYONAL_TAB__1.webp?1670321967
m,Merol (100mg) 30 Tablets,Rs. 97.47,https://d3313lwq5y3sh2.cloudfront.net/assets/photos/001/086/420/pharmacy_online_small/MEROL_100MG_TAB__1.webp?1673604865
m,Mobical (750mg) 20 Tablets,Rs. 349.1,https://d3313lwq5y3sh2.cloudfront.net/assets/photos/001/039/722/pharmacy_online_small/mobical-tab-750mg-20s__1.webp?1670239909
m,Myofolic 15 Sachets,Rs. 91.18,https://d3313lwq5y3sh2.cloudfront.net/assets/photos/001/131/819/pharmacy_online_small/DSC08415_copy.webp?1677139723
n,Nuberol (450/35mg) 100 Tablets,Rs. 65.1,https://d3313lwq5y3sh2.cloudfront.net/assets/photos/001/240/998/pharmacy_online_small/Nuberol_%28450_1347_copy.webp?1682861655
n,Nuberol Forte (50/650mg) 15 Tablets,Rs. 54.66,https://d3313lwq5y3sh2.cloudfront.net/assets/photos/001/665/435/pharmacy_online_small/NuberolForte-650mg-50mg-Sku-983-F.webp?1703844235
n,Nims (100mg) 30 Tablets,Rs. 118.85,https://d3313lwq5y3sh2.cloudfront.net/assets/photos/001/086/680/pharmacy_online_small/NIMS_100MG_TAB__1.webp?1673605813
n,Norvasc (5mg) 30 Tablets,Rs. 152.24,https://d3313lwq5y3sh2.cloudfront.net/assets/photos/001/240/922/pharmacy_online_small/Norvasc_%285mg%29_30_Tablets_1321_copy.webp?1682860410
n,Neogab (100mg) 30 Capsules,Rs. 223.02,https://d3313lwq5y3sh2.cloudfront.net/assets/photos/001/039/891/pharmacy_online_small/neogab-cap-100-mg-30-s__1.webp?1670240522
n,Neurobion 100 Tablets,Rs. 132.05,https://d3313lwq5y3sh2.cloudfront.net/assets/photos/001/039/950/pharmacy_online_small/neurobion-tab-100-s__3.webp?1670240765
n,Neodipar (500mg) 50 Tablets,Rs. 29.88,https://d3313lwq5y3sh2.cloudfront.net/assets/photos/001/046/538/pharmacy_online_small/NEODIPAR_500MG_TAB__1.webp?1670322755
n,Novidat (500mg) 10 Tablets,Rs. 387.0,https://d3313lwq5y3sh2.cloudfront.net/assets/photos/001/040/141/pharmacy_online_small/novidat-500mg-tab-10-s__3.webp?1670241473
n,Nexum (40mg) 14 Capsules,Rs. 284.45,https://d3313lwq5y3sh2.cloudfront.net/assets/photos/001/046/594/pharmacy_online_small/NEXUM_CAP_40MG__1.webp?1670323024
n,Noclot (75mg) 20 Tablets,Rs. 514.71,https://d3313lwq5y3sh2.cloudfront.net/assets/photos/001/590/001/pharmacy_online_small/37742_600x600_crop_center.webp?1700729019
n,Neuromet (500mcg) 100 Tablets,Rs. 232.5,https://d3313lwq5y3sh2.cloudfront.net/assets/photos/001/239/305/pharmacy_online_small/Neuromet_%28500mcg%29_100_Tablets_1510_copy.webp?1682782277
n,Nexum (20mg) 14 Capsules,Rs. 338.06,https://d3313lwq5y3sh2.cloudfront.net/assets/photos/001/039/965/pharmacy_online_small/nexum-cap-20-mg-2x7-s__2.webp?1670240829
n,NO-SPA (40mg) 24 Tablets,Rs. 208.87,https://d3313lwq5y3sh2.cloudfront.net/assets/photos/001/086/735/pharmacy_online_small/NO_SPA_40MG_TAB__1.webp?1673605990
n,NovoTeph (40mg) 14 Capsules,Rs. 455.7,https://d3313lwq5y3sh2.cloudfront.net/assets/photos/001/240/987/pharmacy_online_small/NovoTeph_%2840mg%29_14_Capsules_1345_copy.webp?1682861516
n,Nassa (15mg) 20 Tablets,Rs. 285.0,https://d3313lwq5y3sh2.cloudfront.net/assets/photos/001/046/417/pharmacy_online_small/NASSA_15MG_TAB__1.webp?1670322267
n,NO-SPA Forte (80mg) 30 Tablets,Rs. 171.18,https://d3313lwq5y3sh2.cloudfront.net/assets/photos/001/046/702/pharmacy_online_small/NO_SPA_FORTE_80MG_TAB__1.webp?1670323477
o,Orslim (120mg) 30 Capsules,Rs. 736.18,https://d3313lwq5y3sh2.cloudfront.net/assets/photos/001/086/823/pharmacy_online_small/ORSLIM_120MG_CAP__1.webp?1673606301
o,Orlis (120mg) 30 Capsules,Rs. 729.12,https://d3313lwq5y3sh2.cloudfront.net/assets/photos/001/046/952/pharmacy_online_small/ORLIS_120MG_CAP__1.webp?1670324575
o,Osnate-D 30 Tablets,Rs. 104.54,https://d3313lwq5y3sh2.cloudfront.net/assets/photos/001/235/607/pharmacy_online_small/Osnate-D_30_Tablets_1719_copy.webp?1682679687
o,Osteocare D3 30 Tablets,Rs. 371.63,https://d3313lwq5y3sh2.cloudfront.net/assets/photos/001/046/982/pharmacy_online_small/OSTEOCARE_D3_TAB__1.webp?1670324710
o,On Call Plus 25*2 Test Strips,Rs. 720.0,https://d3313lwq5y3sh2.cloudfront.net/assets/photos/001/522/480/pharmacy_online_small/Screenshot_2023-10-23_161431.webp?1698059712
o,OSNATE D TAB,Rs. 494.91,https://d3313lwq5y3sh2.cloudfront.net/assets/photos/001/518/082/pharmacy_online_small/Screenshot_2023-10-20_180855-removebg-preview.webp?1697807400
o,Omega (20mg) 14 Capsules,Rs. 158.82,https://d3313lwq5y3sh2.cloudfront.net/assets/photos/001/046/854/pharmacy_online_small/OMEGA_CAP_20MG__1.webp?1670324141
o,Omega (40mg) 14 Capsules,Rs. 201.6,https://d3313lwq5y3sh2.cloudfront.net/assets/photos/001/040/240/pharmacy_online_small/omega-cap-40mg-858227__2.webp?1670241899
o,Ossobon-D 30 Tablets,Rs. 131.78,https://d3313lwq5y3sh2.cloudfront.net/assets/photos/001/040/305/pharmacy_online_small/ossobon-d-tab-30-s__1.webp?1670242168
o,Onset (8mg) 10 Tablets,Rs. 423.0,https://d3313lwq5y3sh2.cloudfront.net/assets/photos/002/274/445/pharmacy_online_small/phaons127_1663154096_2-ezgif.com-webp-to-jpg-converter.webp?1728309373
o,Orinase-Met (2/500mg) 30 Tablets,Rs. 169.11,https://d3313lwq5y3sh2.cloudfront.net/assets/photos/001/046/949/pharmacy_online_small/ORINASE_MET_2MG_TAB__1.webp?1670324559
o,OT Caps 1S,Rs. 6.65,https://healthwire.pk/photos/original/missing.png
o,Osam-D 30 Tablets,Rs. 167.87,https://d3313lwq5y3sh2.cloudfront.net/assets/photos/001/086/858/pharmacy_online_small/Osam_D_Tab_30's__1.webp?1673606436
o,One Touch Select (Blood Glucose) 50 Test Strips,Rs. 1794.5,https://d3313lwq5y3sh2.cloudfront.net/assets/photos/001/046/883/pharmacy_online_small/ONE_TOUCH_SELECT_STRIPS_50'S__1.webp?1670324274
o,Omsana-AM (10/20mg) 20 Tablets,Rs. 389.94,https://d3313lwq5y3sh2.cloudfront.net/assets/photos/001/316/271/pharmacy_online_small/Screenshot_2023-06-09_103129-removebg-preview.webp?1686288738
o,Osnate-800 30 Tablets,Rs. 98.21,https://d3313lwq5y3sh2.cloudfront.net/assets/photos/001/046/965/pharmacy_online_small/OSNATE_800_TAB__1.webp?1670324638
o,ORS NU SACHETS (LEMON),Rs. 28.5,https://healthwire.pk/assets/b2c_design/pharmacy/item_placeholder.svg
o,OraMel (2mg) 10ml Oral Drops,Rs. 465.6,https://d3313lwq5y3sh2.cloudfront.net/assets/photos/001/046/940/pharmacy_online_small/ORAMEL_DROPS__1.webp?1670324512
o,ORS PLUS Z ORANGE SACHETS,Rs. 28.5,https://d3313lwq5y3sh2.cloudfront.net/assets/photos/002/064/804/pharmacy_online_small/861722.webp?1721645434
o,Omsana (10mg) 14 Tablets,Rs. 390.02,https://d3313lwq5y3sh2.cloudfront.net/assets/photos/001/046/860/pharmacy_online_small/OMSANA_10MG_TAB__1.webp?1670324173
p,Piriton (4mg) 100 Tablets,Rs. 12.6,https://d3313lwq5y3sh2.cloudfront.net/assets/photos/001/047/147/pharmacy_online_small/PIRITON_TAB__1.webp?1670325385
p,Ponstan Forte (500mg) 200 Tablets,Rs. 50.96,https://d3313lwq5y3sh2.cloudfront.net/assets/photos/001/047/179/pharmacy_online_small/PONSTAN_FORTE_500MG_TAB__1.webp?1670325517
p,Primolut N (5mg) 30 Tablets,Rs. 117.92,https://d3313lwq5y3sh2.cloudfront.net/assets/photos/001/040/560/pharmacy_online_small/primolut-n-5mg-tab-30-s__3.webp?1670243166
p,Ponstan (250mg) 600 Tablets,Rs. 23.31,https://d3313lwq5y3sh2.cloudfront.net/assets/photos/001/040/522/pharmacy_online_small/ponstan-250mg-tab-600-s__1.webp?1670243015
p,Panadol CF Day 100 Caplets,Rs. 95.0,https://healthwire.pk/photos/original/missing.png
p,PENTOXOL M TAB,Rs. 177.75,https://d3313lwq5y3sh2.cloudfront.net/assets/photos/001/304/548/pharmacy_online_small/Pentoxal-M__0.5_1415_copy-removebg-preview.webp?1686034425
p,Prothiaden (25mg) 100 Tablets,Rs. 34.04,https://d3313lwq5y3sh2.cloudfront.net/assets/photos/001/304/795/pharmacy_online_small/pro_n.webp?1686038106
p,Prednisolone (5mg) 30 Tablets,Rs. 113.4,https://d3313lwq5y3sh2.cloudfront.net/assets/photos/001/241/453/pharmacy_online_small/Prednisolone_%285mg%29_30_Tablets_1578_copy.webp?1682880089
p,Plavix (75mg) 28 Tablets,Rs. 569.52,https://d3313lwq5y3sh2.cloudfront.net/assets/photos/001/040/474/pharmacy_online_small/plavix-tab-75mg-28__1.webp?1670242850
p,Polymalt-F (100/0.35mg) 30 Tablets,Rs. 129.39,https://d3313lwq5y3sh2.cloudfront.net/assets/photos/001/040/513/pharmacy_online_small/polymalt-f-tab-30-s__2.webp?1670242983
p,Panadol Extend (665mg) 20 Tablets,Rs. 70.49,https://d3313lwq5y3sh2.cloudfront.net/assets/photos/001/694/833/pharmacy_online_small/135105.webp?1705307434
p,Pelton-C 100 Tablets,Rs. 94.53,https://d3313lwq5y3sh2.cloudfront.net/assets/photos/001/040/389/pharmacy_online_small/pelton-c-tab-5x10-s__2.webp?1670242494
p,Provas-N (35/450mg) 96 Tablets,Rs. 97.93,https://d3313lwq5y3sh2.cloudfront.net/assets/photos/001/588/402/pharmacy_online_small/20203_zoom.webp?1700657278
p,Provas-N Forte (650/50mg) 20 Tablets,Rs. 90.0,https://d3313lwq5y3sh2.cloudfront.net/assets/photos/001/047/256/pharmacy_online_small/PROVAS_N_FORTE_%2820S%29__1.webp?1670325821
p,PAT-4 30 Tablets,Rs. 2017.8,https://d3313lwq5y3sh2.cloudfront.net/assets/photos/001/086/915/pharmacy_online_small/PAT_4_TAB_%2830S%29__1.webp?1673606616
p,Paraxyl CR (25mg) 30 Tablets,Rs. 826.5,https://d3313lwq5y3sh2.cloudfront.net/assets/photos/001/047/052/pharmacy_online_small/PARAXYL_CR_25MG_TAB__1.webp?1670325032
p,Prolexa (10mg) 30 Tablets,Rs. 288.0,https://d3313lwq5y3sh2.cloudfront.net/assets/photos/001/040/581/pharmacy_online_small/prolexa-tab-10-mg-30-s__1.webp?1670243249
p,Plasil With Enzyme 30 Tablets,Rs. 145.89,https://d3313lwq5y3sh2.cloudfront.net/assets/photos/001/047/163/pharmacy_online_small/PLASIL_WITH_ENZYME_TAB__1.webp?1670325449
q,Qusel (25mg) 30 Tablets,Rs. 192.42,https://d3313lwq5y3sh2.cloudfront.net/assets/photos/001/047/311/pharmacy_online_small/QUSEL_25MG_TAB__1.webp?1670326051
q,Qarshi Johar Joshanda (Chocolate) 30 Sachets,Rs. 712.5,https://healthwire.pk/photos/original/missing.png
q,Qusel (100mg) 20 Tablets,Rs. 398.41,https://d3313lwq5y3sh2.cloudfront.net/assets/photos/001/040/661/pharmacy_online_small/qusel-100mg-tab-20-s__1.webp?1670243583
q,Qalsium-D (Orange) Suger Free 40 Tablets,Rs. 266.29,https://d3313lwq5y3sh2.cloudfront.net/assets/photos/001/236/104/pharmacy_online_small/Qalsium-D_%28Orange%29_Suger_Free_40_Tablets_1809_copy.webp?1682685710
q,Quadro (600mcg) 30 Tablets,Rs. 509.25,https://d3313lwq5y3sh2.cloudfront.net/assets/photos/001/236/182/pharmacy_online_small/QUADRO_600MCG_TAB_%2830S%29_1822_copy.webp?1682687115
q,Qbal (500mcg) 30 Tablets,Rs. 202.5,https://d3313lwq5y3sh2.cloudfront.net/assets/photos/001/087/072/pharmacy_online_small/QBAL_TAB_500MG__1.webp?1673607124
q,Qusel (200mg) 30 Tablets,Rs. 540.99,https://d3313lwq5y3sh2.cloudfront.net/assets/photos/001/040/668/pharmacy_online_small/qusel-200mg-tab-30-s__3.webp?1670243604
q,Quadro (300mcg) 30 Tablets,Rs. 313.5,https://d3313lwq5y3sh2.cloudfront.net/assets/photos/001/236/171/pharmacy_online_small/QUADRO_300MCG_TAB_%2830S%29_1819_copy.webp?1682686928
q,Qalsan D (Orange) 30 Tablets,Rs. 251.91,https://healthwire.pk/assets/b2c_design/pharmacy/item_placeholder.svg
q,Qsartan (25mg) 20 Tablets,Rs. 119.31,https://d3313lwq5y3sh2.cloudfront.net/assets/photos/001/040/654/pharmacy_online_small/qsartan-25mg-tab-20s__1.webp?1670243547
q,Quench (1%) 50g Cream,Rs. 249.35,https://d3313lwq5y3sh2.cloudfront.net/assets/photos/001/302/861/pharmacy_online_small/Screenshot_2023-06-05_151854-removebg-preview.webp?1685960391
q,Qarshi Ghutti 60ml Syrup,Rs. 123.5,https://d3313lwq5y3sh2.cloudfront.net/assets/photos/002/070/472/pharmacy_online_small/305868.webp?1721817136
q,Qusel XR (200mg) 10 Tablets,Rs. 672.98,https://d3313lwq5y3sh2.cloudfront.net/assets/photos/002/031/517/pharmacy_online_small/861552.webp?1720009642
q,Qsartan Plus (50/12.5mg) 20 Tablets,Rs. 199.98,https://d3313lwq5y3sh2.cloudfront.net/assets/photos/001/040/657/pharmacy_online_small/qsartan-plus-50-12-5mg-tab-20s__1.webp?1670243559
q,Q-Bact 2g (I.M./I.V.) Injection,Rs. 670.5,https://healthwire.pk/assets/b2c_design/pharmacy/item_placeholder.svg
q,Qarshi Sharbat Faulad 240ml Syrup,Rs. 237.5,https://d3313lwq5y3sh2.cloudfront.net/assets/photos/001/047/781/pharmacy_online_small/SHARBAT_FAULAD_QARSHI__2.webp?1670328269
q,Q PLEX Z 120ML.,Rs. 288.0,https://d3313lwq5y3sh2.cloudfront.net/assets/photos/002/070/689/pharmacy_online_small/1481297.webp?1721817502
r,Rigix (10mg) 30 Tablets,Rs. 148.5,https://d3313lwq5y3sh2.cloudfront.net/assets/photos/001/047/432/pharmacy_online_small/RIGIX_10MG_TAB__1.webp?1670326566
r,Risek (20mg) 21 Capsules,Rs. 170.69,https://d3313lwq5y3sh2.cloudfront.net/assets/photos/001/087/228/pharmacy_online_small/Risek_20mg_Cap_21s__1.webp?1673607688
r,Risek (40mg) 21 Capsules,Rs. 252.0,https://d3313lwq5y3sh2.cloudfront.net/assets/photos/001/087/232/pharmacy_online_small/Risek_40mg_Cap_21s__2.webp?1673607704
r,Rapicort (5mg) 100 Tablets,Rs. 177.1,https://d3313lwq5y3sh2.cloudfront.net/assets/photos/001/040/691/pharmacy_online_small/rapicort-5mg-tab-100s__1.webp?1670243709
r,ROVISTA 10MG TABLET 30S,Rs. 408.74,https://d3313lwq5y3sh2.cloudfront.net/assets/photos/001/635/228/pharmacy_online_small/download_-_2023-12-14T111956.915.webp?1702534868
r,ROVISTA 20MG TABLET 30S,Rs. 607.86,https://d3313lwq5y3sh2.cloudfront.net/assets/photos/002/065/350/pharmacy_online_small/1593059.webp?1721646357
r,Relaxin (3mg) 30 Tablets,Rs. 83.89,https://d3313lwq5y3sh2.cloudfront.net/assets/photos/001/040/735/pharmacy_online_small/relaxin-3mg-tab-30-s__2.webp?1670243884
r,Risek Insta (20mg) 10 Sachets,Rs. 21.3,https://d3313lwq5y3sh2.cloudfront.net/assets/photos/001/047/446/pharmacy_online_small/RISEK_SACHETS_20MG__1.webp?1670326626
r,Ruling (40mg) 14 Capsules,Rs. 216.03,https://d3313lwq5y3sh2.cloudfront.net/assets/photos/001/040/875/pharmacy_online_small/ruling-cap-40-mg-14-s__1.webp?1670244465
r,Ruling (20mg) 14 Capsules,Rs. 165.0,https://d3313lwq5y3sh2.cloudfront.net/assets/photos/001/040/872/pharmacy_online_small/ruling-cap-20-mg-14-s__1.webp?1670244449
r,ROVISTA 5MG TABLET 30S,Rs. 236.16,https://healthwire.pk/assets/b2c_design/pharmacy/item_placeholder.svg
r,ROVISTA 5MG TAB 30S,Rs. 236.16,https://d3313lwq5y3sh2.cloudfront.net/assets/photos/001/635/208/pharmacy_online_small/ROVISTA_5MG_TAB__1.webp?1702534635
r,Risek (40mg) 10 Sachets,Rs. 343.8,https://d3313lwq5y3sh2.cloudfront.net/assets/photos/001/047/449/pharmacy_online_small/RISEK_SACHETS_40MG__1.webp?1670326640
r,Risek Insta (40mg) 10 Sachets,Rs. 343.44,https://d3313lwq5y3sh2.cloudfront.net/assets/photos/001/521/695/pharmacy_online_small/Screenshot_2023-10-23_125632-removebg-preview.webp?1698047859
r,Ronirol (0.25mg) 21 Tablets,Rs. 147.32,https://d3313lwq5y3sh2.cloudfront.net/assets/photos/001/236/798/pharmacy_online_small/Ronirol_%280.25mg%29_21_Tablets_1938_copy.webp?1682703109
r,Rabecid (20mg) 14 Tablets,Rs. 445.79,https://d3313lwq5y3sh2.cloudfront.net/assets/photos/001/047/321/pharmacy_online_small/RABECID_20MG_TAB__1.webp?1670326095
r,Rovista (10mg) 10 Tablets,Rs. 1181.25,https://d3313lwq5y3sh2.cloudfront.net/assets/photos/001/236/841/pharmacy_online_small/Rovista_%2810mg%29_10_Tablets_1965_copy.webp?1682703987
r,Revoban (2.5mg) 14 Tablets,Rs. 207.02,https://d3313lwq5y3sh2.cloudfront.net/assets/photos/001/301/865/pharmacy_online_small/f.webp?1685944157
s,SURFICOL TAB,Rs. 15.2,https://d3313lwq5y3sh2.cloudfront.net/assets/photos/001/047/923/pharmacy_online_small/SURFI_TAB_%28QARSHI%29_250S_TAB__1.webp?1670328916
s,Synflex (550mg) 30 Tablets,Rs. 241.8,https://d3313lwq5y3sh2.cloudfront.net/assets/photos/001/041/342/pharmacy_online_small/synflex-550mg-tab-20-s__2.webp?1670246261
s,Spiromide (20/50mg) 20 Tablets,Rs. 142.5,https://d3313lwq5y3sh2.cloudfront.net/assets/photos/001/047/887/pharmacy_online_small/SPIROMIDE_20MG_TAB__1.webp?1670328748
s,SODAMINT TAB (1000S),Rs. 1.86,https://d3313lwq5y3sh2.cloudfront.net/assets/photos/001/242/288/pharmacy_online_small/SODAMINT_TAB_%281000S%29_1877_copy.webp?1682932083
s,Sangobion 30 Capsules,Rs. 71.33,https://d3313lwq5y3sh2.cloudfront.net/assets/photos/001/040/925/pharmacy_online_small/sangobion-cap-30-s__2.webp?1670244692
s,Stemetil (5mg) 300 Tablets,Rs. 28.5,https://d3313lwq5y3sh2.cloudfront.net/assets/photos/001/239/752/pharmacy_online_small/Stemetil_%285mg%29_300_Tablets_1951_copy.webp?1682790766
s,SANIPLAST FAMILY (100S),Rs. 3.15,https://d3313lwq5y3sh2.cloudfront.net/assets/photos/001/297/866/pharmacy_online_small/2.webp?1685709796
s,Saniswab 200 Alcohol Pads,Rs. 3.8,https://d3313lwq5y3sh2.cloudfront.net/assets/photos/001/047/669/pharmacy_online_small/SANISWAB_ALOCOHOL_PAD__1.webp?1670327803
s,Sita-Met (50/500mg) 14 Tablets,Rs. 305.84,https://d3313lwq5y3sh2.cloudfront.net/assets/photos/001/041/090/pharmacy_online_small/sita-met-tab-50-500-mg-14-s__3.webp?1670245300
s,Strepsils (Honey & Lemon) 150 Lozenges,Rs. 184.0,https://d3313lwq5y3sh2.cloudfront.net/assets/photos/001/239/768/pharmacy_online_small/Strepsils_%28Honey___Lemon%29_150_Lozenges_1959_copy.webp?1682791116
s,Spiromide (40/50mg) 30 Tablets,Rs. 145.5,https://d3313lwq5y3sh2.cloudfront.net/assets/photos/001/047/890/pharmacy_online_small/SPIROMIDE_40MG_TAB__1.webp?1670328761
s,Sofvasc (5mg) 30 Tablets,Rs. 160.52,https://d3313lwq5y3sh2.cloudfront.net/assets/photos/001/242/321/pharmacy_online_small/Sofvasc_%285mg%29_30_Tablets_1891_copy.webp?1682932698
s,Spasfon (80/80mg) 30 Tablets,Rs. 378.54,https://d3313lwq5y3sh2.cloudfront.net/assets/photos/001/041/233/pharmacy_online_small/spasfon-tab-30-s__3.webp?1670245840
s,Sita-Met (50/1000mg) 14 Tablets,Rs. 265.86,https://d3313lwq5y3sh2.cloudfront.net/assets/photos/001/041/081/pharmacy_online_small/sita-met-50-1000mg-tab-14-s__1.webp?1670245267
s,Septran DS (160/800mg) 100 Tablets,Rs. 83.33,https://d3313lwq5y3sh2.cloudfront.net/assets/photos/001/087/314/pharmacy_online_small/SEPTRAN_DS_TAB__1.webp?1673607983
s,Skilax (5mg) 60 Tablets,Rs. 45.0,https://d3313lwq5y3sh2.cloudfront.net/assets/photos/001/047/831/pharmacy_online_small/SKILAX_TAB_5MG__1.webp?1670328499
s,Sensival (25mg) 20 Tablets,Rs. 89.1,https://d3313lwq5y3sh2.cloudfront.net/assets/photos/001/040/994/pharmacy_online_small/sensival-tab-25-mg-20-s__2.webp?1670244989
s,Sinemet (25/250mg) 100 Tablets,Rs. 247.41,https://d3313lwq5y3sh2.cloudfront.net/assets/photos/001/028/864/pharmacy_online_small/open-uri20230529-31028-khffhk.webp?1685368985
t,Tonoflex-P (37.5/325mg) 20 Tablets,Rs. 216.13,https://d3313lwq5y3sh2.cloudfront.net/assets/photos/001/048/086/pharmacy_online_small/TONOFLEX_P_TAB__1.webp?1670329680
t,Tryptanol (25mg) 100 Tablets,Rs. 26.51,https://d3313lwq5y3sh2.cloudfront.net/assets/photos/001/048/166/pharmacy_online_small/TRYPTANOL_25MG_TAB__1.webp?1670330043
t,Thyroxine Tab (Global Pharma) 100'S,Rs. 227.05,https://healthwire.pk/assets/b2c_design/pharmacy/item_placeholder.svg
t,Theragran Ultra 30 Tablets,Rs. 198.83,https://d3313lwq5y3sh2.cloudfront.net/assets/photos/001/048/043/pharmacy_online_small/THERAGRAN_ULTRA_TAB__1.webp?1670329473
t,Triforge (10/160/12.5mg) 28 Tablets,Rs. 107.1,https://d3313lwq5y3sh2.cloudfront.net/assets/photos/001/303/046/pharmacy_online_small/Screenshot_2023-06-05_160451-removebg-preview.webp?1685963152
t,TENORMIN 50MG TAB 21'S,Rs. 291.19,https://d3313lwq5y3sh2.cloudfront.net/assets/photos/001/669/851/pharmacy_online_small/Medicalstore.com_.pk-TENORMIN-Atenolol-tab-50mg-1.webp?1704110428
t,Triforge (5/160/12.5mg) 28 Tablets,Rs. 88.26,https://d3313lwq5y3sh2.cloudfront.net/assets/photos/001/249/887/pharmacy_online_small/Triforge_%285_2220_copy.webp?1683287934
t,Tagipmet (50/1000mg) 20 Tablets,Rs. 353.4,https://healthwire.pk/photos/original/missing.png
t,Tagipmet (50/500mg) 20 Tablets,Rs. 343.08,https://d3313lwq5y3sh2.cloudfront.net/assets/photos/001/957/489/pharmacy_online_small/_removal.ai__7d67df8c-4113-4ff8-939a-f82a9a80766f-whatsapp-image-2024-05-22-at-19-46-40_9088627e.webp?1716390581
t,Treviamet (50/500mg) 28 Tablets,Rs. 256.41,https://healthwire.pk/assets/b2c_design/pharmacy/item_placeholder.svg
t,Tamsolin (0.4mg) 20 Capsules,Rs. 745.83,https://d3313lwq5y3sh2.cloudfront.net/assets/photos/001/041/390/pharmacy_online_small/tamsolin-0-4mg-capsule-99762__2.webp?1670246433
t,Tramal Plus (37.5/325mg) 10 Tablets,Rs. 207.0,https://d3313lwq5y3sh2.cloudfront.net/assets/photos/001/048/106/pharmacy_online_small/TRAMAL_PLUS_TAB__1.webp?1670329771
t,Transamin (500mg) 20 Capsules,Rs. 362.43,https://d3313lwq5y3sh2.cloudfront.net/assets/photos/001/041/562/pharmacy_online_small/transamin-cap-500-mg-20-s__3.webp?1670247146
t,Trisil (250/500mg) 100 Tablets,Rs. 45.0,https://d3313lwq5y3sh2.cloudfront.net/assets/photos/001/048/154/pharmacy_online_small/TRISIL_TAB__1.webp?1670329991
t,Tramal SR (100mg) 10 Tablets,Rs. 384.0,https://d3313lwq5y3sh2.cloudfront.net/assets/photos/001/048/109/pharmacy_online_small/TRAMAL_SR_100MG_TAB__1.webp?1670329785
t,T-Day (5mg) 10 Tablets,Rs. 304.29,https://d3313lwq5y3sh2.cloudfront.net/assets/photos/001/240/056/pharmacy_online_small/T_DAY_TAB_%2810S%29_2068_copy.webp?1682838835
t,Tagipmet XR (50/1000mg) 20 Tablets,Rs. 369.0,https://d3313lwq5y3sh2.cloudfront.net/assets/photos/001/957/488/pharmacy_online_small/_removal.ai__2e8b2985-76d7-4a65-ad8c-b1fdd03815b3-whatsapp-image-2024-05-22-at-19-47-45_ae25279f.webp?1716390567
t,Tapento IR (75mg) 10 Tablets,Rs. 382.59,https://d3313lwq5y3sh2.cloudfront.net/assets/photos/001/240/095/pharmacy_online_small/Tapento_IR_%2875mg%29_10_Tablets_2090_copy.webp?1682840233
t,TEpH (20mg) 14 Capsules,Rs. 157.5,https://d3313lwq5y3sh2.cloudfront.net/assets/photos/001/041/430/pharmacy_online_small/teph-cap-20-mg-14-s__3.webp?1670246606
u,Urso (500mg) 10 Capsules,Rs. 1080.0,https://d3313lwq5y3sh2.cloudfront.net/assets/photos/001/048/229/pharmacy_online_small/URSO_500MG_CAP__1.webp?1670330288
u,Uriflow (0.4mg) 30 Capsules,Rs. 467.25,https://d3313lwq5y3sh2.cloudfront.net/assets/photos/001/041/636/pharmacy_online_small/uriflow-0-4mg-cap-30s-854510__1.webp?1670247431
u,Urigo (40mg) 20 Tablets,Rs. 182.25,https://d3313lwq5y3sh2.cloudfront.net/assets/photos/001/048/210/pharmacy_online_small/URIGO_40MG_TAB__1.webp?1670330206
u,Unifyline (400mg) 20 Tablets,Rs. 308.85,https://d3313lwq5y3sh2.cloudfront.net/assets/photos/001/240/479/pharmacy_online_small/Unifyline_%28400mg%29_20_Tablets_2258_copy.webp?1682849391
u,Urigo (80mg) 20 Tablets,Rs. 222.75,https://d3313lwq5y3sh2.cloudfront.net/assets/photos/001/041/638/pharmacy_online_small/urigo-80mg-tab-870590__1.webp?1670247442
u,Ufrim (10mg) 14 Tablets,Rs. 348.01,https://d3313lwq5y3sh2.cloudfront.net/assets/photos/001/048/186/pharmacy_online_small/UFRIM_10MG_TAB__1.webp?1670330110
u,Urso (250mg) 10 Capsules,Rs. 675.0,https://d3313lwq5y3sh2.cloudfront.net/assets/photos/001/048/226/pharmacy_online_small/URSO_250MG_CAP__1.webp?1670330272
u,Urodonal Granules 90g 10 Sachets,Rs. 361.48,https://d3313lwq5y3sh2.cloudfront.net/assets/photos/001/048/221/pharmacy_online_small/URODONAL_GRANULES_90G__3.webp?1670330249
u,Ufrim (20mg) 14 Tablets,Rs. 523.92,https://d3313lwq5y3sh2.cloudfront.net/assets/photos/001/048/189/pharmacy_online_small/UFRIM_20MG_TAB__1.webp?1670330123
u,Ulsanic (500mg) 20 Tablets,Rs. 75.62,https://d3313lwq5y3sh2.cloudfront.net/assets/photos/001/041/607/pharmacy_online_small/ulsanic-500mg-tab-20-s__1.webp?1670247347
u,Unix (100mg) 20 Tablets,Rs. 152.48,https://d3313lwq5y3sh2.cloudfront.net/assets/photos/001/048/199/pharmacy_online_small/UNIX_100MG_TAB__1.webp?1670330159
u,Ulsanic (1g/5ml) 120ml Suspension,Rs. 372.16,https://d3313lwq5y3sh2.cloudfront.net/assets/photos/001/087/586/pharmacy_online_small/ULSANIC_SYP_120ML__1.webp?1673608980
u,U-Progest (100mg) 30 Capsules,Rs. 518.7,https://d3313lwq5y3sh2.cloudfront.net/assets/photos/001/048/179/pharmacy_online_small/U_PROGEST_CAP_100MG__1.webp?1670330083
u,Uperio (100mg) 28 Tablets,Rs. 4017.64,https://d3313lwq5y3sh2.cloudfront.net/assets/photos/001/522/666/pharmacy_online_small/Screenshot_2023-10-23_165957-removebg-preview.webp?1698062473
u,URINE BAG (YMS),Rs. 190.0,https://d3313lwq5y3sh2.cloudfront.net/assets/photos/001/249/362/pharmacy_online_small/ymsyms37950_101554183198.webp?1683280957
u,Urilef (100mg) 30 Tablets,Rs. 1138.59,https://healthwire.pk/assets/b2c_design/pharmacy/item_placeholder.svg
u,U-Veil Forte (SPF-60) 30g Cream,Rs. 574.01,https://d3313lwq5y3sh2.cloudfront.net/assets/photos/001/308/267/pharmacy_online_small/f.webp?1686206301
u,URINE CONTAINER,Rs. 28.5,https://d3313lwq5y3sh2.cloudfront.net/assets/photos/002/031/558/pharmacy_online_small/873057.webp?1720009708
u,Unipep (10mg) 20 Tablets,Rs. 453.12,https://d3313lwq5y3sh2.cloudfront.net/assets/photos/001/586/828/pharmacy_online_small/Unipep_tab_10mg_.webp?1700637890
u,Ulcenil (40mg) 10 Tablets,Rs. 387.03,https://d3313lwq5y3sh2.cloudfront.net/assets/photos/001/048/192/pharmacy_online_small/ULCENIL_TAB_40MG__1.webp?1670330137
v,Vibramycin (100mg) 120 Capsules,Rs. 56.75,https://d3313lwq5y3sh2.cloudfront.net/assets/photos/001/048/345/pharmacy_online_small/VIBRAMYCIN_100MG_CAP__1.webp?1670330814
v,VALIUM 5MG TAB,Rs. 20.71,https://d3313lwq5y3sh2.cloudfront.net/assets/photos/001/240/523/pharmacy_online_small/VALIUM__5MG_TAB_2283_copy.webp?1682850230
v,Vastarel MR (35mg) 20 Tablets,Rs. 309.69,https://d3313lwq5y3sh2.cloudfront.net/assets/photos/001/589/569/pharmacy_online_small/Vastarel-Tablets-Mr-35mg-20s.webp?1700724931
v,Voren (50mg) 100 Tablets,Rs. 99.0,https://d3313lwq5y3sh2.cloudfront.net/assets/photos/001/048/413/pharmacy_online_small/VOREN_50MG_TAB__1.webp?1670331125
v,Velosef (500mg) 12 Capsules,Rs. 290.47,https://d3313lwq5y3sh2.cloudfront.net/assets/photos/001/048/275/pharmacy_online_small/VELOSEF_CAP_500MG__1.webp?1670330492
v,Vildomet (50/500mg) 14 Tablets,Rs. 194.61,https://d3313lwq5y3sh2.cloudfront.net/assets/photos/001/041/802/pharmacy_online_small/vildomet-50-500mg-tab-14s__2.webp?1670248120
v,VildoMet (50/850mg) 14 Tablets,Rs. 224.15,https://d3313lwq5y3sh2.cloudfront.net/assets/photos/001/048/363/pharmacy_online_small/VILDOMET_50%28850MG_TAB__1.webp?1670330890
v,Vita-6 (50mg) 20 Tablets,Rs. 41.85,https://d3313lwq5y3sh2.cloudfront.net/assets/photos/001/238/517/pharmacy_online_small/Vita-6_%2850mg%29_20_Tablets_2384_copy.webp?1682770608
v,Valtec (80mg) 28 Tablets,Rs. 234.49,https://d3313lwq5y3sh2.cloudfront.net/assets/photos/001/041/714/pharmacy_online_small/valtec-80mg-tab-28s-103210__1.webp?1670247752
v,VildoMet (50/1000mg) 14 Tablets,Rs. 243.05,https://d3313lwq5y3sh2.cloudfront.net/assets/photos/001/041/798/pharmacy_online_small/vildomet-50-1000mg-tab-14s__1.webp?1670248103
v,Vonozan (20mg) 14 Tablets,Rs. 362.31,https://d3313lwq5y3sh2.cloudfront.net/assets/photos/001/041/857/pharmacy_online_small/vonozan-20mg-1005335__1.webp?1670248341
v,Voltral (50mg) 20 Enteic Coated Tablet,Rs. 106.11,https://d3313lwq5y3sh2.cloudfront.net/assets/photos/001/048/388/pharmacy_online_small/VOLTRAL_50MG_TAB__1.webp?1670331016
v,Virata (90mg) 20 Tablets,Rs. 1890.0,https://d3313lwq5y3sh2.cloudfront.net/assets/photos/001/302/999/pharmacy_online_small/f.webp?1685962144
v,Vorif (200mg) 10 Tablets,Rs. 1848.33,https://d3313lwq5y3sh2.cloudfront.net/assets/photos/001/238/617/pharmacy_online_small/Vorif_%28200mg%29_10_Tablets_2407_copy.webp?1682771883
v,Venticort (400/12mcg) 30 Capsules,Rs. 146.25,https://d3313lwq5y3sh2.cloudfront.net/assets/photos/001/600/725/pharmacy_online_small/Screenshot_2023-11-29_101728.webp?1701235099
v,Vadil (3.125mg) 30 Tablets,Rs. 83.89,https://d3313lwq5y3sh2.cloudfront.net/assets/photos/001/041/666/pharmacy_online_small/vadil-tab-3-125-mg-3x10-s__1.webp?1670247552
v,Vendep XR (75mg) 14 Tablets,Rs. 614.75,https://d3313lwq5y3sh2.cloudfront.net/assets/photos/001/041/759/pharmacy_online_small/vendep-xr-75mg-tab-14s__3.webp?1670247946
v,Velosef (250mg) 12 Capsules,Rs. 147.85,https://d3313lwq5y3sh2.cloudfront.net/assets/photos/001/048/272/pharmacy_online_small/VELOSEF_CAP_250MG__1.webp?1670330476
v,Valam (5/80mg) 14 Tablets,Rs. 203.11,https://d3313lwq5y3sh2.cloudfront.net/assets/photos/001/048/241/pharmacy_online_small/VALAM_5%2880MG_TAB__1.webp?1670330344
w,Wilgesic Forte (650/50mg) 100 Tablets,Rs. 87.4,https://d3313lwq5y3sh2.cloudfront.net/assets/photos/001/048/434/pharmacy_online_small/WILGESIC_FORTE_TAB__1.webp?1670331222
w,Wilgesic (450/35mg) 100 Tablets,Rs. 63.0,https://d3313lwq5y3sh2.cloudfront.net/assets/photos/001/048/437/pharmacy_online_small/WILGESIC_TAB__1.webp?1670331238
w,Warfin (5mg) 100 Tablets,Rs. 129.69,https://d3313lwq5y3sh2.cloudfront.net/assets/photos/001/048/422/pharmacy_online_small/WARFIN_5MG_TAB__2.webp?1670331160
w,Wobenzym N 40 Tablets,Rs. 580.5,https://d3313lwq5y3sh2.cloudfront.net/assets/photos/001/239/271/pharmacy_online_small/Wobenzym_N_40_Tablets_2436_copy.webp?1682781872
w,Wintogeno (12.17%) 50g Balm,Rs. 255.88,https://d3313lwq5y3sh2.cloudfront.net/assets/photos/001/087/755/pharmacy_online_small/WINTOGENO_BALM_50G__1.webp?1673609574
w,Wilsop (60mg) 30 Capsules,Rs. 1076.76,https://d3313lwq5y3sh2.cloudfront.net/assets/photos/001/239/265/pharmacy_online_small/WILSOP_60MG_CAP_2433_copy.webp?1682781805
w,Whitening Caps 1s,Rs. 1900.0,https://d3313lwq5y3sh2.cloudfront.net/assets/photos/002/031/238/pharmacy_online_small/1217710.webp?1720009183
w,Woodwards 150ml Gripe Water,Rs. 116.25,https://d3313lwq5y3sh2.cloudfront.net/assets/photos/001/239/276/pharmacy_online_small/Woodwards_150ml_Gripe_Water_2439_copy.webp?1682781943
w,Wilsop (30mg) 30 Capsules,Rs. 736.44,https://d3313lwq5y3sh2.cloudfront.net/assets/photos/001/239/246/pharmacy_online_small/WILSOP_30MG_CAP_2430_copy.webp?1682781686
w,WAX AID 15ML (MICKO),Rs. 45.0,https://d3313lwq5y3sh2.cloudfront.net/assets/photos/001/238/762/pharmacy_online_small/WAX_AID_15ML_%28MICKO%29_2426_copy.webp?1682773286
w,Werdex (60mg) 30 Capsules,Rs. 585.09,https://d3313lwq5y3sh2.cloudfront.net/assets/photos/001/087/766/pharmacy_online_small/Werdex_60mg_Cap__1.webp?1673609614
w,Wilda-M (50/500mg) 14 Tablets,Rs. 478.8,https://healthwire.pk/assets/b2c_design/pharmacy/item_placeholder.svg
w,White Balance 20g Cream,Rs. 960.3,https://d3313lwq5y3sh2.cloudfront.net/assets/photos/001/048/431/pharmacy_online_small/WHITE_BALANCE_CREAM__1.webp?1670331208
w,White Balance 100ml Face Wash,Rs. 960.3,https://d3313lwq5y3sh2.cloudfront.net/assets/photos/001/041/871/pharmacy_online_small/white-balance-face-wash-100ml__1.webp?1670248409
w,Wellvit 30 Tablets,Rs. 810.0,https://healthwire.pk/assets/b2c_design/pharmacy/item_placeholder.svg
w,Wrist Brace (L),Rs. 548.4,https://healthwire.pk/assets/b2c_design/pharmacy/item_placeholder.svg
w,Wrist Brace (S),Rs. 405.0,https://healthwire.pk/assets/b2c_design/pharmacy/item_placeholder.svg
x,X-Plended (10mg) 10 Tablets,Rs. 387.0,https://d3313lwq5y3sh2.cloudfront.net/assets/photos/001/041/890/pharmacy_online_small/x-plended-tab-10mg-10s__2.webp?1670248475
x,Xenglu-Met (12.5/500mg) 28 Tablets,Rs. 481.95,https://d3313lwq5y3sh2.cloudfront.net/assets/photos/001/932/563/pharmacy_online_small/WhatsApp_Image_2024-05-11_at_17.23.37_aa697895-removebg-preview.webp?1715431720
x,Xavor (50mg) 10 Tablets,Rs. 241.2,https://d3313lwq5y3sh2.cloudfront.net/assets/photos/001/048/467/pharmacy_online_small/XAVOR_50MG_TAB__1.webp?1670331370
x,Xcept (10mg) 10 Tablets,Rs. 435.6,https://d3313lwq5y3sh2.cloudfront.net/assets/photos/001/131/627/pharmacy_online_small/DSC05589_copy.webp?1677134612
x,Xanthin 30 Tablets,Rs. 234.36,https://d3313lwq5y3sh2.cloudfront.net/assets/photos/001/041/909/pharmacy_online_small/xanthin-tab-30__3.webp?1670248560
x,Xiga (10mg) 14 Tablets,Rs. 260.13,https://d3313lwq5y3sh2.cloudfront.net/assets/photos/002/274/629/pharmacy_online_small/xiga-10mg-ezgif.com-webp-to-jpg-converter-removebg-preview.webp?1728311177
x,Xavor (25mg) 20 Tablets,Rs. 92.79,https://d3313lwq5y3sh2.cloudfront.net/assets/photos/002/274/870/pharmacy_online_small/1204xavor-25mg-tab-removebg-preview.webp?1728315251
x,X-Plended (5mg) 10 Tablets,Rs. 225.0,https://d3313lwq5y3sh2.cloudfront.net/assets/photos/001/107/792/pharmacy_online_small/DSC05598_copy.webp?1675324082
x,Xenglu (10mg) 14 Tablets,Rs. 188.02,https://d3313lwq5y3sh2.cloudfront.net/assets/photos/001/239/471/pharmacy_online_small/Xenglu_%2810mg%29_14_Tablets_2488_copy.webp?1682783451
x,X-Plended (20mg) 10 Tablets,Rs. 540.0,https://d3313lwq5y3sh2.cloudfront.net/assets/photos/001/048/454/pharmacy_online_small/X_PLENDED_20MG_TAB__1.webp?1670331310
x,Xavor-DIU (50/12.5mg) 10 Tablets,Rs. 247.14,https://d3313lwq5y3sh2.cloudfront.net/assets/photos/001/239/446/pharmacy_online_small/Xavor-DIU_%2850_2472_copy.webp?1682783009
x,XANTHIN PLUS TAB,Rs. 893.0,https://healthwire.pk/assets/b2c_design/pharmacy/item_placeholder.svg
x,Xiga-Met XR (5/500mg) 14 Tablets,Rs. 215.46,https://d3313lwq5y3sh2.cloudfront.net/assets/photos/001/239/539/pharmacy_online_small/XIGA_MET_XR_5_2513_copy.webp?1682784591
x,Xenglu-Met (12.5/1000mg) 14 Tablets,Rs. 498.08,https://d3313lwq5y3sh2.cloudfront.net/assets/photos/001/029/006/pharmacy_online_small/open-uri20230530-7642-1400dm3.webp?1685436207
x,Xobix (15mg) 10 Tablets,Rs. 623.11,https://d3313lwq5y3sh2.cloudfront.net/assets/photos/001/048/489/pharmacy_online_small/XOBIX_15MG_TAB__1.webp?1670331478
x,Xenglu-Lin (25/5mg) 14 Tablets,Rs. 618.79,https://d3313lwq5y3sh2.cloudfront.net/assets/photos/001/239/498/pharmacy_online_small/Xenglu-Met_%285_2500_copy.webp?1682783814
x,Xenglu-Met (5/500mg) 14 Tablets,Rs. 421.25,https://d3313lwq5y3sh2.cloudfront.net/assets/photos/001/239/487/pharmacy_online_small/Xenglu-Met_%285_2497_copy.webp?1682783634
x,Xiga-Met XR (10/500mg) 14 Tablets,Rs. 227.12,https://d3313lwq5y3sh2.cloudfront.net/assets/photos/001/239/549/pharmacy_online_small/XIGA_MET_XR_10_2510_copy.webp?1682784681
x,Xatral LP (10mg) 30 Tablets,Rs. 2196.47,https://d3313lwq5y3sh2.cloudfront.net/assets/photos/001/239/435/pharmacy_online_small/Xatral_LP_%2810mg%29_30_Tablets_2461_copy.webp?1682782767
x,XIGA-MET XR 5/1000 MG TAB,Rs. 227.12,https://d3313lwq5y3sh2.cloudfront.net/assets/photos/001/669/962/pharmacy_online_small/XIGA_MET_XR_5_2513_copy.webp?1704113699
y,YTIG MI 30 SACHET,Rs. 277.16,https://d3313lwq5y3sh2.cloudfront.net/assets/photos/001/297/979/pharmacy_online_small/Screenshot_2023-06-02_183010.webp?1685712692
y,Ytig Plus 10 Tablets,Rs. 1613.83,https://d3313lwq5y3sh2.cloudfront.net/assets/photos/001/041/981/pharmacy_online_small/ytig-plus-1005305__2.webp?1670248876
y,YTiG 20 Tablets,Rs. 2295.99,https://d3313lwq5y3sh2.cloudfront.net/assets/photos/001/087/820/pharmacy_online_small/YTIG_TAB__2.webp?1673609806
y,YAZ TAB (28S),Rs. 1045.85,https://d3313lwq5y3sh2.cloudfront.net/assets/photos/001/307/577/pharmacy_online_small/Screenshot_2023-06-07_184805.webp?1686145734
y,YOKO WHITENING CREAM,Rs. 190.0,https://d3313lwq5y3sh2.cloudfront.net/assets/photos/001/522/792/pharmacy_online_small/Screenshot_2023-10-23_173420-removebg-preview.webp?1698064508
y,YASEE Uric Acid 25 Test Strips (UA-01),Rs. 1720.5,https://d3313lwq5y3sh2.cloudfront.net/assets/photos/002/417/639/pharmacy_online_small/WhatsApp_Image_2024-12-02_at_13.41.59_3a2739d7-removebg-preview.webp?1733225492
y,YASEE Glucose & Uric Acid Monitor (GLM-72),Rs. 1860.0,https://d3313lwq5y3sh2.cloudfront.net/assets/photos/002/417/613/pharmacy_online_small/WhatsApp_Image_2024-12-02_at_13.41.47_92b2e4b8-removebg-preview.webp?1733225275
y,Yorker (1g) 1 Injection,Rs. 257.55,https://healthwire.pk/assets/b2c_design/pharmacy/item_placeholder.svg
y,Yellow Star Tablet,Rs. 85.5,https://d3313lwq5y3sh2.cloudfront.net/assets/photos/002/301/013/pharmacy_online_small/asd-removebg-preview_%281%29.webp?1729079755
z,Zyrtec (10mg) 30 Tablets,Rs. 159.7,https://d3313lwq5y3sh2.cloudfront.net/assets/photos/001/042/117/pharmacy_online_small/zyrtec-tab-30-s__2.webp?1670249462
z,Zyloric (300mg) 30 Tablets,Rs. 80.19,https://d3313lwq5y3sh2.cloudfront.net/assets/photos/001/048/619/pharmacy_online_small/ZYLORIC_300MG_TAB__1.webp?1670332057
z,Zopent (40mg) 20 Tablets,Rs. 348.75,https://d3313lwq5y3sh2.cloudfront.net/assets/photos/001/239/673/pharmacy_online_small/Zopent_%2840mg%29_20_Tablets_2602_copy.webp?1682787479
z,Zyloric (100mg) 50 Tablets,Rs. 32.85,https://d3313lwq5y3sh2.cloudfront.net/assets/photos/001/048/616/pharmacy_online_small/ZYLORIC_100MG_TAB__1.webp?1670332042
z,Zestril (5mg) 14 Tablets,Rs. 210.04,https://d3313lwq5y3sh2.cloudfront.net/assets/photos/001/042/026/pharmacy_online_small/zestril-5mg-tab-14-s__3.webp?1670249068
z,Zafnol (50mg) 20 Tablets,Rs. 45.54,https://d3313lwq5y3sh2.cloudfront.net/assets/photos/001/239/574/pharmacy_online_small/Zafnol_%2850mg%29_20_Tablets_2530_copy.webp?1682785016
z,Zestril (10mg) 14 Tablets,Rs. 439.24,https://d3313lwq5y3sh2.cloudfront.net/assets/photos/001/048/540/pharmacy_online_small/ZESTRIL_10MG_TAB__1.webp?1670331710
z,Zodip (5mg) 20 Tablets,Rs. 73.26,https://d3313lwq5y3sh2.cloudfront.net/assets/photos/001/087/846/pharmacy_online_small/ZODIP_5MG_TAB__1.webp?1673609897
z,Zolp 10mg Tab,Rs. 314.19,https://healthwire.pk/assets/b2c_design/pharmacy/item_placeholder.svg
z,Zurig (40mg) 20 Tablets,Rs. 279.0,https://d3313lwq5y3sh2.cloudfront.net/assets/photos/001/239/680/pharmacy_online_small/Zurig_%2840mg%29_20_Tablets_2608_copy.webp?1682787621
z,Zopent (20mg) 14 Tablets,Rs. 178.24,https://d3313lwq5y3sh2.cloudfront.net/assets/photos/001/042/096/pharmacy_online_small/zopent-tab-20-mg-14-s__2.webp?1670249365
z,Zexa (10mg) 56 Tablets,Rs. 440.64,https://d3313lwq5y3sh2.cloudfront.net/assets/photos/001/042/041/pharmacy_online_small/zexa-tab-10-mg-56-s__1.webp?1670249136
z,Zylexx SR (150mg) 20 Tablets,Rs. 245.58,https://d3313lwq5y3sh2.cloudfront.net/assets/photos/001/048/613/pharmacy_online_small/ZYLEXX_SR_150MG_TAB__1.webp?1670332028
z,Zestoretic (20/25mg) 28 Tablets,Rs. 653.43,https://d3313lwq5y3sh2.cloudfront.net/assets/photos/001/133/409/pharmacy_online_small/DSC05633_copy.webp?1677216097
z,Zeenaryl (4mg) 20 Tablet,Rs. 162.0,https://d3313lwq5y3sh2.cloudfront.net/assets/photos/001/042/014/pharmacy_online_small/zeenaryl-tab-4-mg-2x10-s__1.webp?1670249022
z,Zeegap (75mg) 28 Capsules,Rs. 463.18,https://d3313lwq5y3sh2.cloudfront.net/assets/photos/002/163/198/pharmacy_online_small/WhatsApp_Image_2024-08-21_at_17.11.54_61dcc117-removebg-preview.webp?1724395885
z,Zylexx SR (75mg) 20 Tablets,Rs. 211.27,https://d3313lwq5y3sh2.cloudfront.net/assets/photos/001/042/115/pharmacy_online_small/zylexx-sr-75mg-tab-854739__2.webp?1670249451
z,Zeegap (50mg) 28 Capsules,Rs. 362.63,https://d3313lwq5y3sh2.cloudfront.net/assets/photos/002/067/474/pharmacy_online_small/WhatsApp_Image_2024-07-23_at_15.35.44_266eed2a-removebg-preview.webp?1721731433
z,Zeegap (100mg) 28 Capsules,Rs. 488.75,https://d3313lwq5y3sh2.cloudfront.net/assets/photos/002/067/486/pharmacy_online_small/WhatsApp_Image_2024-07-23_at_15.35.35_438e96e9-removebg-preview.webp?1721731703
z,Zurig (80mg) 20 Tablets,Rs. 460.63,https://d3313lwq5y3sh2.cloudfront.net/assets/photos/001/048/606/pharmacy_online_small/ZURIG_80MG_TAB__1.webp?1670332000
